"","predict","Damaging","Neutral","Polyphen2HdivScore","MCapScore","AlignGVGDPrior","FathmmScore","MutationtasterScore","DannScore","Vest3Score","Call","MutpredScore","EigenRaw","Chr","ProveanScore","Pos","GenocanyonScore","FathmmMklCodingScore","Genename","MetalrScore","LrtScore","Variant","CaddRaw","Gm12878FitconsScore","X.CHROM","EigenPcRaw","Ref","MetasvmScore","BayesDel","AApos","Alt","IntegratedFitconsScore","Source","SiftScore","HuvecFitconsScore","Fold","Gene","H1HescFitconsScore","Polyphen2HvarScore","RevelScore"
"70","Neutral",3.09063737446669e-22,1,0.248,0.0551200732221,0.03,-1.31,0.924378,0.701035697111946,0.567,"Neutral",0.653,-0.472443489584941,13,-1.31,32937366,0.208746268562926,0.69625,"BRCA2",0.2423,0.00085,"13_32937366_T_C",1.162345,0.708844,13,-0.333371715959974,"T",-0.8897,-0.0556105,2676,"C",0.6512,"Lindor et al., 2012",0.458,0.655142,1,"BRCA2",0.658983,0.064,0.402
"125","Neutral",3.9634862113743e-13,0.999999999999604,0.204,0.103157654667,0.03,-0.63,0.637976,0.997622841060581,0.7,"Neutral",0.328,-0.202020959923424,13,-0.89,32944635,0.0285254638030193,0.89872,"BRCA2",0.1816,9e-06,"13_32944635_A_G",5.235388,0.653731,13,-0.062676694829997,"A",-0.6877,0.137686,2810,"G",0.732398,"Hart et al, 2018",0.055,0.683762,1,"BRCA2",0.743671,0.032,0.322
"19","Neutral",0.0085903803799072,0.991409619620093,1,0.261997627651,0.81,-2.13,0.999997,0.998684912537899,0.674,"Neutral",0.723,0.716609195184077,13,-1.2,32930709,0.999999993179487,0.97019,"BRCA2",0.7795,0,"13_32930709_T_C",6.272243,0.653731,13,0.676279776375599,"T",0.7161,0.221226,2527,"C",0.643511,"This paper",0,0.683762,1,"BRCA2",0.688494,1,0.646
"87","Damaging",0.999956205585946,4.37944140545579e-05,1,0.440263713557,0.81,-3.96,0.999999,0.995987200960648,0.975,"Damaging",0.94,0.82958438086272,13,-2.38,32937507,0.999999997587455,0.99445,"BRCA2",0.9505,0,"13_32937507_A_C",5.327765,0.708844,13,0.739837539408571,"A",1.1011,0.569311,2723,"C",0.6512,"Guidugli et al., 2018",0,0.655142,1,"BRCA2",0.658983,1,0.94
"140","Neutral",9.68097547508351e-20,1,0.981,0.0640053743371,0.03,0.4,0.814991,0.993984173133895,0.639,"Neutral",NA,0.31243587821702,13,-1.6,32945172,0.928623046405523,0.71701,"BRCA2",0.2119,0.004546,"13_32945172_A_C",6.035642,0.653731,13,0.312358752672121,"A",-0.5935,-0.315963,2856,"C",0.6512,"Lindor et al., 2012",0.163,0.683762,1,"BRCA2",0.65145,0.945,0.222
"6","Neutral",0.154872741772439,0.845127258227561,1,0.363032477274,0.81,-2.03,0.999999,0.993703044451806,0.692,"Neutral",0.721,0.748474214911919,13,-2.1,32930601,0.999999788663333,0.9962,"BRCA2",0.7454,0,"13_32930601_A_T",6.388668,0.653731,13,0.691712230437656,"A",0.6347,0.262997,2491,"T",0.6512,"Hart et al, 2018",0,0.683762,1,"BRCA2",0.675528,1,0.708
"37","Neutral",4.93849824465271e-07,0.999999506150176,1,0.329727864043,0.66,-2.68,0.999998,0.998509646084487,0.579,"Damaging",NA,0.962392694908136,13,-1.32,32936719,0.999999997756749,0.96984,"BRCA2",0.8748,0,"13_32936719_A_G",5.925168,0.653731,13,0.911122638372289,"A",0.9622,-0.00583359,2622,"G",0.6512,"Hart et al, 2018",0,0.683762,1,"BRCA2",0.658983,0.999,0.758
"148","Neutral",0.00318861844889402,0.996811381551106,1,0.16079966411,0.66,-0.06,0.999994,0.996215252495231,0.882,"Neutral",NA,0.576612052010419,13,-1.69,32950897,0.999999106995255,0.98392,"BRCA2",0.4441,7.1e-05,"13_32950897_T_G",6.063835,0.653731,13,0.490191478647088,"T",-0.0598,0.243743,2908,"G",0.732398,"Lindor et al., 2012",0,0.727631,1,"BRCA2",0.709663,0.973,0.46
"133","Neutral",0.00112972732816728,0.998870272671833,1,0.182723690404,0.03,-0.67,0.999735,0.998652187485725,0.733,"Neutral",0.359,0.641742266583494,13,-1.06,32944693,0.992364046629448,0.97442,"BRCA2",0.4894,3.2e-05,"13_32944693_A_G",5.530227,0.653731,13,0.613422212475589,"A",-0.0399,0.19338,2829,"G",0.6512,"This paper",0,0.683762,1,"BRCA2",0.65145,0.999,0.422
"181","Neutral",0.000553811696914034,0.999446188303086,1,0.287490385055,0.66,-2.44,0.996591,0.997893801419358,0.742,"Neutral",0.845,0.473605040500715,13,-0.78,32954239,0.20712893993345,0.92802,"BRCA2",0.791,0,"13_32954239_G_T",5.750118,0.708844,13,0.380398334671693,"G",0.5586,0.249073,3071,"T",0.6512,"Guidugli et al., 2018",0,0.683762,1,"BRCA2",0.658983,0.999,0.64
"111","Neutral",1.95996710488099e-17,1,0.246,0.0915636970726,0.03,-1.53,0.995095,0.584101590973144,0.539,"Neutral",0.641,-1.38360757800081,13,-0.29,32944566,0.930653371371981,0.06334,"BRCA2",0.2739,0.007869,"13_32944566_C_T",1.420505,0.708844,13,-1.49254776738779,"C",-0.9466,-0.066198,2787,"T",0.6512,"Guidugli et al., 2018",0.409,0.683762,1,"BRCA2",0.65145,0.05,0.417
"71","Neutral",0.000896637306659451,0.999103362693341,1,0.227147586703,0.66,-1.27,0.99996,0.998697611936764,0.702,"Neutral",0.542,0.628389097174099,13,-2.06,32937371,0.999999772874564,0.98579,"BRCA2",0.5427,1e-06,"13_32937371_A_G",6.395442,0.708844,13,0.62068587889285,"A",0.0568,0.200341,2678,"G",0.6512,"Guidugli et al., 2018",0.001,0.655142,1,"BRCA2",0.658983,0.977,0.662
"26","Damaging",0.999342330787491,0.000657669212508769,1,0.504893424794,0.81,-2.22,1,0.999422031898643,0.864,"Damaging",0.91,0.911106078229392,13,-2.4,32932014,0.9999999999856,0.99084,"BRCA2",0.816,0,"13_32932014_G_A",6.993888,0.708844,13,0.861663222436777,"G",0.819,0.402231,2585,"A",0.6512,"Guidugli et al., 2018",0.002,0.683762,1,"BRCA2",0.658983,1,0.882
"147","Damaging",0.999089775823558,0.000910224176442244,1,0.19162093649,0.81,-1.12,1,0.998082714307925,0.95,"Neutral",0.844,0.902038562007549,13,-1.79,32950876,0.999999998343883,0.99373,"BRCA2",0.6788,0,"13_32950876_G_A",6.949193,0.724815,13,0.854424858337456,"G",0.4868,0.104453,2901,"A",0.732398,"Guidugli et al., 2018",0,0.727631,1,"BRCA2",0.709663,0.999,0.806
"158","Damaging",0.860360765640724,0.139639234359276,1,0.154939633054,0.81,-0.3,0.999991,0.997451845933036,0.824,"Neutral",0.448,0.661549547321757,13,-1.19,32953596,0.999999620857157,0.96864,"BRCA2",0.5306,0,"13_32953596_T_C",4.948742,0.708844,13,0.563120743842199,"T",0.1806,0.249073,2966,"C",0.6512,"Hart et al, 2018",0,0.592323,1,"BRCA2",0.658983,0.999,0.42
"15","Neutral",1.52379040054249e-13,0.999999999999848,0.9,0.162302618638,0.03,-2.05,0.609987,0.998923898630535,0.68,"Neutral",NA,0.432312008565062,13,-1.64,32930673,0.963419768444283,0.92031,"BRCA2",0.5509,0.000124,"13_32930673_C_T",6.547366,0.653731,13,0.445973384502464,"C",0.18,-0.108066,2515,"T",0.6512,"Hart et al, 2018",0.064,0.683762,1,"BRCA2",0.675528,0.493,0.569
"55","Damaging",0.977777777777778,0.0222222222222223,1,0.739921585704,0.81,-2.88,1,0.999066039067029,0.922,"Damaging",0.862,0.899487352654504,13,-1.86,32936794,0.999999999999991,0.95554,"BRCA2",0.8943,2e-06,"13_32936794_T_C",6.654741,0.653731,13,0.843856690470744,"T",1.0085,0.485771,2647,"C",0.6512,"Lindor et al., 2012",0,0.683762,2,"BRCA2",0.658983,1,0.952
"104","Damaging",0.622222222222222,0.377777777777778,1,0.237090585654,0.03,-1.45,1,0.99896182209797,0.92,"Neutral",0.856,0.882092734837207,13,-1.19,32937647,0.999999999977004,0.99202,"BRCA2",0.7071,2e-06,"13_32937647_G_A",7.139733,0.708844,13,0.858857031586404,"G",0.4919,0.430077,2770,"A",0.6512,"This paper",0.001,0.655142,2,"BRCA2",0.658983,0.997,0.769
"202","Neutral",0.0666666666666667,0.933333333333333,0.016,0.0566205080352,0.03,-1.67,1,0.953454687788932,0.783,"Neutral",0.675,-0.821919573795173,13,-1.6,32971042,0.0375728536927407,0.07545,"BRCA2",0.3191,0.050094,"13_32971042_A_G",1.195308,0.724815,13,-0.83959335229051,"A",-0.7978,0.165533,3170,"G",0.732398,"Lindor et al., 2012",0.124,0.683762,2,"BRCA2",0.743671,0.039,0.552
"187","Neutral",0.0888888888888889,0.911111111111111,0.725,0.182991753955,0.03,-1.62,0.866344,0.998952949760098,0.723,"Neutral",0.741,-0.0798828334971582,13,-1.11,32968832,0.762636259895989,0.91059,"BRCA2",0.3296,0.015692,"13_32968832_C_T",3.504104,0.708844,13,-0.0245582621653394,"C",-0.5985,0.165533,3088,"T",0.6512,"Guidugli et al., 2018",0.052,0.655142,2,"BRCA2",0.608884,0.088,0.569
"116","Damaging",0.933333333333333,0.0666666666666667,1,0.747157240956,0.81,-4.28,1,0.999414247991429,0.95,"Damaging",0.875,0.98950145075526,13,-2.38,32944584,0.999999999769016,0.9941,"BRCA2",0.9612,0,"13_32944584_G_A",6.949715,0.708844,13,0.91519134456338,"G",1.1014,0.467777,2793,"A",0.732398,"Guidugli et al., 2018",0,0.683762,2,"BRCA2",0.743671,1,0.92
"134","Neutral",0.0444444444444444,0.955555555555556,0.012,0.0167048410524,0.03,0.64,1,0.902357220530451,0.587,"Neutral",NA,-1.17655187527289,13,-0.84,32945108,0.988836569509663,0.0916,"BRCA2",0.0366,0.454122,"13_32945108_T_C",1.286741,0.653731,13,-1.18765862387938,"T",-1.0377,-0.446112,2835,"C",0.6512,"Hart et al, 2018",0.303,0.683762,2,"BRCA2",0.65145,0.016,0.157
"73","Damaging",0.6,0.4,1,0.437254670517,0.29,-1.45,0.999999,0.998891059892609,0.847,"Neutral",0.611,0.837094545916477,13,-2.01,32937378,0.999999772874564,0.99179,"BRCA2",0.7056,0,"13_32937378_A_G",6.56585,0.708844,13,0.78161649998636,"A",0.5749,0.367422,2680,"G",0.6512,"Guidugli et al., 2018",0.001,0.655142,2,"BRCA2",0.658983,0.998,0.849
"201","Neutral",0.0222222222222222,0.977777777777778,0.989,0.203331141904,0.03,-1.71,0.998496,0.995537224003093,0.762,"Neutral",0.543,0.324708140146233,13,-0.98,32969023,0.738034966147815,0.91431,"BRCA2",0.6108,4e-06,"13_32969023_G_A",6.216902,0.724815,13,0.306372891018953,"G",0.3314,-0.00708975,3152,"A",0.706548,"Guidugli et al., 2018",0.003,0.655142,2,"BRCA2",0.724815,0.67,0.63
"46","Neutral",0.0888888888888889,0.911111111111111,0.994,0.05907848965,0.29,-2.51,0.999171,0.99653958703084,0.622,"Neutral",0.625,0.567417286948397,13,-0.26,32936733,0.997919274068839,0.85797,"BRCA2",0.7841,1e-06,"13_32936733_A_G",3.395398,0.653731,13,0.519097283959774,"A",0.6561,0.172495,2627,"G",0.6512,"This paper",0.003,0.683762,2,"BRCA2",0.658983,0.817,0.597
"184","Damaging",0.755555555555556,0.244444444444444,1,0.578186408897,0.81,-3.52,1,0.99765928111545,0.828,"Damaging",0.752,0.942741610037011,13,-2.33,32954253,0.999999999940088,0.99288,"BRCA2",0.9186,0,"13_32954253_G_T",6.59736,0.708844,13,0.90554827783453,"G",1.0254,0.430077,3076,"T",0.6512,"Guidugli et al., 2018",0,0.683762,2,"BRCA2",0.658983,1,0.884
"74","Neutral",0.444444444444444,0.555555555555556,1,0.690758767477,0.66,-1.83,1,0.998873162340188,0.801,"Damaging",0.756,0.681287191553416,13,-2.08,32937396,0.997630118448465,0.9788,"BRCA2",0.7419,1.1e-05,"13_32937396_T_C",5.835636,0.708844,13,0.604551749590829,"T",0.5548,0.31869,2686,"C",0.6512,"Guidugli et al., 2018",0,0.655142,2,"BRCA2",0.658983,0.985,0.849
"198","Neutral",0.466666666666667,0.533333333333333,1,0.352255719053,0.81,-2.63,0.999966,0.98063797525585,0.793,"Damaging",0.874,0.787514346624692,13,-2.03,32968943,0.999857456863989,0.94864,"BRCA2",0.8522,0,"13_32968943_T_A",6.399052,0.708844,13,0.757020812346502,"T",0.8932,0.311729,3125,"A",0.6512,"Guidugli et al., 2018",0,0.655142,2,"BRCA2",0.608884,1,0.793
"9","Neutral",0.111111111111111,0.888888888888889,1,0.296290030261,0.66,-2.14,0.999991,0.999045259683631,0.673,"Damaging",0.56,0.82167932975693,13,-1.2,32930621,0.999999788663333,0.98941,"BRCA2",0.8071,0,"13_32930621_A_G",6.443017,0.653731,13,0.760192480344219,"A",0.8021,0.256035,2498,"G",0.6512,"Guidugli et al., 2018",0,0.683762,2,"BRCA2",0.675528,1,0.688
"154","Neutral",0.0222222222222222,0.977777777777778,0.999,0.0706387568679,0.03,0.16,0.979913,0.999032421080962,0.716,"Neutral",0.381,0.613577242867143,13,-1.19,32953538,0.997527122376882,0.90162,"BRCA2",0.407,6e-06,"13_32953538_G_A",6.194189,0.708844,13,0.532975846270139,"G",-0.1938,0.130724,2947,"A",0.706298,"Hart et al, 2018",0.002,0.592323,2,"BRCA2",0.709663,0.967,0.22
"2","Neutral",0.355555555555556,0.644444444444444,0.999,0.280917226982,0.66,-2.23,0.9892,0.99848625663122,0.833,"Neutral",0.827,0.496955439648505,13,-2.1,32930591,0.443768748953834,0.87943,"BRCA2",0.7606,5e-06,"13_32930591_A_G",6.249303,0.708844,13,0.418035630452866,"A",0.5838,0.311729,2488,"G",0.6512,"Guidugli et al., 2018",0.001,0.683762,2,"BRCA2",0.65145,0.963,0.77
"170","Neutral",0.0444444444444444,0.955555555555556,0.997,0.150865039893,0.03,-0.77,1,0.952470615472956,0.606,"Neutral",0.262,0.0535892042379856,13,-0.85,32953992,0.540285303762846,0.10207,"BRCA2",0.4591,0.056224,"13_32953992_C_G",4.699471,0.708844,13,-0.0937904766367878,"C",-0.4908,0.0262988,3020,"G",0.6512,"Guidugli et al., 2018",0.029,0.683762,2,"BRCA2",0.658983,0.817,0.315
"49","Neutral",0.288888888888889,0.711111111111111,1,0.320929812672,0.81,-2.72,1,0.998070444687981,0.697,"Neutral",0.814,0.939653414220861,13,-0.8,32936748,1,0.97622,"BRCA2",0.8529,0,"13_32936748_G_T",6.769375,0.653731,13,0.925258423058062,"G",0.7622,0.269958,2632,"T",0.6512,"Hart et al, 2018",0.004,0.683762,2,"BRCA2",0.658983,1,0.653
"199","Damaging",0.911111111111111,0.0888888888888889,1,0.408029587993,0.81,-2.63,0.999981,0.99836848571625,0.904,"Damaging",0.877,0.787514346624692,13,-1.74,32968943,0.999857456863989,0.95121,"BRCA2",0.8522,0,"13_32968943_T_G",6.458088,0.708844,13,0.757020812346502,"T",0.8932,0.437039,3125,"G",0.6512,"Hart et al, 2018",0,0.655142,2,"BRCA2",0.608884,1,0.816
"89","Damaging",0.987644221769936,0.0123557782300644,1,0.576535944082,0.81,-3.97,1,0.99232572176596,0.952,"Damaging",0.942,0.82958438086272,13,-2.68,32937507,0.999999997587455,0.99422,"BRCA2",0.9505,0,"13_32937507_A_T",5.384791,0.708844,13,0.739837539408571,"A",1.1011,0.569311,2723,"T",0.6512,"Guidugli et al., 2018",0,0.655142,3,"BRCA2",0.658983,1,0.938
"119","Neutral",0.063110358835562,0.936889641164438,1,0.464647969225,0.81,-1.37,1,0.999162072277119,0.684,"Neutral",0.549,0.822538121032406,13,-2.97,32944600,0.999999999769016,0.99066,"BRCA2",0.7326,0,"13_32944600_C_T",7.06193,0.708844,13,0.74032491696553,"C",0.6297,0.262997,2798,"T",0.732398,"Hart et al, 2018",0,0.683762,3,"BRCA2",0.743671,1,0.676
"59","Damaging",0.207409327001624,0.792590672998376,1,0.386825805958,0.81,-2.3,0.999999,0.99753580298293,0.832,"Damaging",0.645,0.899868858121855,13,-1.59,32936824,0.999999999999999,0.98066,"BRCA2",0.7949,0,"13_32936824_A_C",6.156574,0.653731,13,0.871383145353158,"A",0.7421,0.353499,2657,"C",0.562547,"This paper",0,0.635551,3,"BRCA2",0.608884,1,0.799
"163","Neutral",0.00556059762038852,0.994439402379611,0.995,0.135711205886,0.03,-0.88,0.98885,0.996262553443567,0.712,"Neutral",0.347,0.691681841936564,13,-0.98,32953895,0.999999953735884,0.99614,"BRCA2",0.4909,2.3e-05,"13_32953895_A_G",5.693466,0.708844,13,0.677327348324699,"A",0.119,0.200341,2988,"G",0.6512,"Guidugli et al., 2018",0.002,0.683762,3,"BRCA2",0.658983,0.638,0.448
"151","Neutral",0.00675314954180295,0.993246850458197,1,0.131533210889,0.66,-0.12,0.999996,0.994177647604346,0.763,"Damaging",0.561,0.875304204816808,13,-1.19,32953472,0.999999995440743,0.97715,"BRCA2",0.5063,0,"13_32953472_C_A",6.973523,0.708844,13,0.835895001991304,"C",0.0492,0.19338,2925,"A",0.706298,"Guidugli et al., 2018",0,0.592323,3,"BRCA2",0.709663,0.996,0.383
"175","Neutral",0.0218126678991566,0.978187332100843,1,0.237371497439,0.66,-0.84,0.993048,0.997641578675972,0.767,"Neutral",0.556,0.599815334609453,13,-2.38,32954037,0.892945768024438,0.92836,"BRCA2",0.5683,3.4e-05,"13_32954037_A_G",5.858854,0.708844,13,0.540588176346413,"A",0.1763,0.00391782,3035,"G",0.6512,"Guidugli et al., 2018",0,0.683762,3,"BRCA2",0.658983,0.99,0.684
"16","Neutral",0.0387178058230642,0.961282194176936,1,0.352447823809,0.81,-2.33,0.999737,0.99803156296606,0.691,"Neutral",0.8,0.717969442172165,13,-2.1,32930688,0.996482090322335,0.97334,"BRCA2",0.8037,0,"13_32930688_G_T",7.242072,0.653731,13,0.6495542231168,"G",0.797,0.242112,2520,"T",0.643511,"Hart et al, 2018",0,0.683762,3,"BRCA2",0.688494,0.994,0.742
"177","Damaging",0.875931723531741,0.124068276468259,1,0.483447941457,0.81,-2.31,0.999955,0.998905083309054,0.97,"Damaging",0.915,0.260987174109095,13,-2.06,32954180,0.268747371521951,0.84772,"BRCA2",0.7626,0,"13_32954180_C_T",7.118822,0.708844,13,0.16170013168578,"C",0.6013,0.341765,3052,"T",0.6512,"Lindor et al., 2012",0,0.528226,3,"BRCA2",0.658983,1,0.821
"186","Neutral",0.0246310443633846,0.975368955636615,0.99,0.218750258151,0.29,-1.89,0.657481,0.998908398112479,0.74,"Neutral",0.724,0.693714137937328,13,-1.03,32954268,0.999999911503756,0.97634,"BRCA2",0.7089,2.2e-05,"13_32954268_T_C",5.960084,0.708844,13,0.671566988588954,"T",0.8017,0.172056,3081,"C",0.6512,"Guidugli et al., 2018",0.001,0.683762,3,"BRCA2",0.658983,0.793,0.627
"108","Neutral",0.00896864011505838,0.991031359884942,1,0.22181879355,0.81,-1.74,0.999994,0.999092048298253,0.842,"Damaging",NA,0.720871543604827,13,-2.38,32944557,0.892116490744605,0.96908,"BRCA2",0.7683,0,"13_32944557_C_T",7.961956,0.708844,13,0.630640190756213,"C",0.7484,0.228795,2784,"T",0.6512,"Guidugli et al., 2018",0,0.683762,3,"BRCA2",0.65145,1,0.738
"109","Damaging",0.273745155765136,0.726254844234864,1,0.143581289978,0.66,-1.62,0.999999,0.99947155558924,0.943,"Damaging",NA,0.935300265117591,13,-1.19,32944558,0.999999999889192,0.99643,"BRCA2",0.7457,0,"13_32944558_G_A",8.07462,0.708844,13,0.894906958372468,"G",0.6015,0.317627,2784,"A",0.6512,"Guidugli et al., 2018",0,0.683762,3,"BRCA2",0.65145,0.999,0.77
"96","Neutral",0.0213841054689428,0.978615894531057,1,0.228336509293,0.29,-2.02,0.999965,0.996870859148973,0.67,"Neutral",0.769,0.24099637533129,13,-0.89,32937572,0.824170745804537,0.84592,"BRCA2",0.7316,5.3e-05,"13_32937572_C_G",4.38388,0.732433,13,0.076997416937822,"C",0.0507,0.200341,2745,"G",0.744818,"Hart et al, 2018",0,0.655142,3,"BRCA2",0.658983,0.999,0.527
"24","Damaging",0.0928826257707102,0.90711737422929,1,0.346716469775,0.03,-2.7,0.999993,0.99917579573976,0.748,"Neutral",NA,0.783294387940847,13,-2.1,32931973,0.999999988903449,0.99,"BRCA2",0.847,1e-06,"13_32931973_A_G",6.627688,0.708844,13,0.72105566724216,"A",0.8928,0.0480543,2571,"G",0.6512,"Guidugli et al., 2018",0.001,0.683762,3,"BRCA2",0.658983,0.953,0.753
"146","Neutral",0.00557574293579555,0.994424257064204,1,0.17834408595,0.81,-0.54,0.999919,0.998497288106802,0.734,"Neutral",0.346,0.787696732897977,13,-1.53,32950867,0.999999106995255,0.99015,"BRCA2",0.5688,2e-06,"13_32950867_T_C",6.266601,0.653731,13,0.737816305378591,"T",0.2525,0.207303,2898,"C",0.732398,"Hart et al, 2018",0,0.727631,3,"BRCA2",0.709663,0.999,0.461
"75","Damaging",0.601271944491895,0.398728055508105,1,0.564210232977,0.03,-1.92,0.999922,0.995701320512091,0.909,"Damaging",0.694,0.579912734463661,13,-1.49,32937398,0.912090738347518,0.96594,"BRCA2",0.7758,8.3e-05,"13_32937398_G_T",5.936061,0.708844,13,0.474057771359384,"G",0.6479,0.355689,2687,"T",0.6512,"Hart et al, 2018",0,0.655142,3,"BRCA2",0.658983,0.988,0.811
"90","Damaging",0.955392000863372,0.0446079991366281,1,0.497406168511,0.66,-1.82,1,0.987610580190534,0.829,"Damaging",0.897,0.877129511770205,13,-3.87,32937513,0.999999999997939,0.99492,"BRCA2",0.8234,0,"13_32937513_G_T",6.142293,0.708844,13,0.787843542762455,"G",0.8496,0.367422,2725,"T",0.6512,"Guidugli et al., 2018",0,0.655142,3,"BRCA2",0.658983,1,0.853
"167","Damaging",0.42601198303671,0.57398801696329,1,0.342509125699,0.81,-1.46,1,0.997495408701464,0.885,"Damaging",0.532,0.968873666394856,13,-2.11,32953941,0.999999999974572,0.99658,"BRCA2",0.7258,0,"13_32953941_G_A",6.75186,0.708844,13,0.93159800389658,"G",0.5431,0.409192,3003,"A",0.6512,"Guidugli et al., 2018",0,0.683762,3,"BRCA2",0.658983,1,0.74
"128","Neutral",0.0510831779085981,0.948916822091402,0.99,0.0347629665868,0.03,-0.97,0.999511,0.998053179646367,0.64,"Neutral",0.494,0.307043955490931,13,-0.26,32944650,0.999930829780787,0.98095,"BRCA2",0.3735,0,"13_32944650_G_A",5.665601,0.653731,13,0.264497172889479,"G",-0.3744,0.151609,2815,"A",0.6512,"Hart et al, 2018",0,0.683762,4,"BRCA2",0.65145,0.629,0.355
"63","Neutral",0.0596457724038499,0.94035422759615,0.001,0.0685328684141,0.03,-1.92,0.999979,0.695682063349272,0.398,"Neutral",NA,-0.728252288279562,13,0.88,32937324,0.998896336950695,0.10223,"BRCA2",0.2765,0.804042,"13_32937324_C_T",2.934124,0.601575,13,-0.515734986000992,"C",-0.8205,0.00541374,2662,"T",0.615465,"Hart et al, 2018",0.257,0.655142,4,"BRCA2",0.658983,0,0.243
"12","Neutral",0.186844650898319,0.813155349101681,1,0.296788369281,0.81,-2.52,1,0.999425734321216,0.741,"Damaging",0.837,0.935499722605183,13,-2.4,32930651,0.999999999718984,0.99152,"BRCA2",0.8471,0,"13_32930651_G_C",7.023108,0.653731,13,0.892772911206826,"G",0.8537,0.304767,2508,"C",0.6512,"Hart et al, 2018",0,0.683762,4,"BRCA2",0.675528,1,0.792
"61","Damaging",0.780477719972724,0.219522280027276,1,0.717908413197,0.81,-2.79,0.999998,0.998980388164925,0.912,"Damaging",0.781,0.740794755417217,13,-1.86,32936829,0.999999999909517,0.95261,"BRCA2",0.8633,1e-06,"13_32936829_A_G",6.257627,0.653731,13,0.665227416618274,"A",0.8994,0.444001,2659,"G",0.562547,"Guidugli et al., 2018",0,0.635551,4,"BRCA2",0.608884,1,0.871
"159","Neutral",0.0505818884997374,0.949418111500263,0.929,0.102384020024,0.03,-0.86,0.987644,0.997330619445274,0.446,"Neutral",NA,-0.218075494356849,13,-0.83,32953604,0.299046394385364,0.84147,"BRCA2",0.1943,0.000314,"13_32953604_G_A",4.514222,0.708844,13,-0.296329653619831,"G",-0.7404,-0.193871,2969,"A",0.6512,"Lindor et al., 2012",0.001,0.683762,4,"BRCA2",0.658983,0.107,0.299
"81","Neutral",0.0581690889710827,0.941830911028917,0.968,0.121519407711,0.03,-1.41,0.999987,0.99605881353891,0.438,"Neutral",0.537,0.102230592242815,13,-1.14,32937473,0.999919632035363,0.64598,"BRCA2",0.582,0.24051,"13_32937473_G_A",1.999654,0.708844,13,-0.0254151171571505,"G",-0.2369,0.0262988,2712,"A",0.6512,"Hart et al, 2018",0.021,0.655142,4,"BRCA2",0.658983,0.773,0.402
"196","Neutral",0.276944818048595,0.723055181951405,1,0.425012635592,0.81,-2.64,0.99995,0.991563388259961,0.778,"Damaging",0.865,0.812914068073435,13,-2.61,32968940,0.999857456863989,0.96301,"BRCA2",0.8522,0,"13_32968940_A_T",6.999966,0.708844,13,0.783595235404065,"A",0.8932,0.300948,3124,"T",0.6512,"Guidugli et al., 2014",0,0.655142,4,"BRCA2",0.608884,1,0.828
"76","Damaging",0.865776063709345,0.134223936290655,1,0.632307158868,0.81,-2.53,1,0.99903325141228,0.969,"Damaging",0.822,0.857267298867134,13,-2.08,32937402,0.999999772874564,0.98615,"BRCA2",0.8582,0,"13_32937402_T_C",6.038495,0.708844,13,0.778210946421344,"T",0.9518,0.478809,2688,"C",0.6512,"Guidugli et al., 2014",0,0.655142,4,"BRCA2",0.658983,1,0.967
"60","Neutral",0.158351782431653,0.841648217568347,0.99,0.129355797109,0.81,-2.82,0.99774,0.997949942501173,0.727,"Neutral",0.725,0.662767686971908,13,-1.33,32936826,0.999999999926266,0.93716,"BRCA2",0.8367,4.4e-05,"13_32936826_T_C",5.825351,0.653731,13,0.603845920274663,"T",0.812,0.262997,2658,"C",0.562547,"This paper",0,0.635551,4,"BRCA2",0.608884,0.888,0.776
"58","Damaging",0.844846787809439,0.155153212190561,1,0.327626037613,0.66,-2.51,0.999999,0.998937394398651,0.82,"Damaging",0.817,0.907767485624884,13,-1.06,32936818,0.999999999999999,0.97914,"BRCA2",0.8292,0,"13_32936818_A_G",6.289231,0.653731,13,0.875476009700391,"A",0.8177,0.339575,2655,"G",0.562547,"Guidugli et al., 2018",0,0.635551,4,"BRCA2",0.608884,1,0.784
"118","Neutral",0.0434393161460657,0.956560683853934,1,0.193479742571,0.03,-1.39,0.666198,0.998946678266264,0.754,"Neutral",0.65,0.580916108857755,13,-1.78,32944589,0.599192825314935,0.93002,"BRCA2",0.5725,1e-06,"13_32944589_C_G",6.713742,0.708844,13,0.54977078986381,"C",0.3187,0.207303,2794,"G",0.732398,"Hart et al, 2018",0.002,0.683762,4,"BRCA2",0.743671,0.995,0.531
"107","Neutral",0.0770172369995358,0.922982763000464,1,0.155127891305,0.66,-1.49,1,0.996489461015642,0.584,"Neutral",0.648,0.957222301410122,13,-0.89,32944552,0.999999999889192,0.99643,"BRCA2",0.7181,0,"13_32944552_G_A",6.559596,0.708844,13,0.909528112916923,"G",0.5636,0.175637,2782,"A",0.6512,"Guidugli et al., 2018",0,0.683762,4,"BRCA2",0.65145,1,0.596
"84","Damaging",0.859591070780978,0.140408929219022,1,0.442973984641,0.81,-1.78,1,0.992069832451874,0.971,"Damaging",0.939,0.83037928938154,13,-1.78,32937504,0.999999999997939,0.99266,"BRCA2",0.7873,0,"13_32937504_C_G",5.792566,0.708844,13,0.749276403213574,"C",0.7616,0.457924,2722,"G",0.6512,"Lindor et al., 2012",0,0.655142,4,"BRCA2",0.658983,1,0.824
"192","Damaging",0.780769079756178,0.219230920243821,1,0.425376558553,0.66,-2.06,0.532552,0.998066553526323,0.891,"Damaging",0.832,0.638875711390952,13,-1.74,32968871,0.999857456863989,0.94828,"BRCA2",0.756,3e-05,"13_32968871_T_G",5.65425,0.708844,13,0.572096600434451,"T",0.8298,0.388307,3101,"G",0.6512,"This paper",0.001,0.655142,4,"BRCA2",0.608884,0.995,0.671
"169","Neutral",0.0968221044042723,0.903177895595728,0.875,0.0749863752235,0.03,-0.65,1,0.99585373956459,0.842,"Neutral",NA,-0.101024140810022,13,-0.83,32953971,0.997193773656405,0.46518,"BRCA2",0.2419,0.095676,"13_32953971_C_T",5.378562,0.708844,13,-0.153926538910388,"C",-0.8046,-0.0154723,3013,"T",0.6512,"Guidugli et al., 2018",0.036,0.683762,4,"BRCA2",0.658983,0.208,0.368
"182","Damaging",0.767619360455397,0.232380639544603,1,0.546846511257,0.81,-2.84,1,0.998860235551593,0.807,"Damaging",0.908,0.870824091816863,13,-1.81,32954244,0.999999911503756,0.99181,"BRCA2",0.854,0,"13_32954244_A_G",6.748503,0.708844,13,0.832062448676392,"A",0.9061,0.353499,3073,"G",0.6512,"Guidugli et al., 2018",0,0.683762,4,"BRCA2",0.658983,1,0.875
"176","Neutral",0.0665159445269838,0.933484055473016,0.579,0.12045648166,0.03,-0.7,1,0.985047112527028,0.632,"Neutral",NA,0.0330959856562217,13,-1.99,32954049,0.74811000880319,0.8538,"BRCA2",0.253,0.062468,"13_32954049_C_T",4.618517,0.708844,13,0.0621488562590999,"C",-0.6635,-0.126465,3039,"T",0.6512,"Guidugli et al., 2018",0.048,0.683762,4,"BRCA2",0.602189,0.032,0.349
"18","Damaging",0.71783054196391,0.28216945803609,1,0.260324223062,0.29,-2.38,0.999795,0.998672785420907,0.888,"Neutral",0.873,0.794812698775688,13,-1.78,32930694,0.999973763475979,0.95743,"BRCA2",0.8385,6e-06,"13_32930694_C_T",7.209976,0.653731,13,0.757313697962463,"C",0.7994,0.395269,2522,"T",0.643511,"Guidugli et al., 2018",0.001,0.683762,4,"BRCA2",0.688494,0.987,0.713
