"","predict","Damaging","Neutral","ProveanScore","H1HescFitconsScore","Variant","Genename","Gm12878FitconsScore","Polyphen2HdivScore","Ref","Vest3Score","Gene","Polyphen2HvarScore","Chr","Fold","MetasvmScore","AlignGVGDPrior","X.CHROM","Call","Source","MCapScore","Pos","EigenPcRaw","LrtScore","MutationtasterScore","MutpredScore","GenocanyonScore","EigenRaw","CaddRaw","HuvecFitconsScore","Alt","AApos","IntegratedFitconsScore","FathmmScore","FathmmMklCodingScore","SiftScore","MetalrScore","BayesDel","DannScore","RevelScore"
"1353","Neutral",0.00633785745619142,0.993662142543809,0.09,0.658983,"17_41256919_G_C","BRCA1",0.708844,0.995,"G",0.646,"BRCA1",0.984,17,1,0.5473,0.03,17,"Neutral","Findlay et al., 2018",0.495160307521,41256919,0.0601127078113162,0.014364,1,NA,0.000167964005616534,0.0140863320009756,1.983518,0.683762,"C",89,0.6512,-1.89,0.87295,0.19,0.7981,0.186418,0.934926847152117,0.638
"873","Neutral",0.0185665595705291,0.981433440429471,-0.59,0.709663,"17_41215910_T_G","BRCA1",0.724815,1,"T",0.582,"BRCA1",1,17,1,-0.1111,0.03,17,"Neutral","Findlay et al., 2018",0.508855579668,41215910,0.161870443926941,0.00275,1,NA,1.01192449972225e-05,0.261331748534408,6.028407,0.613276,"G",1711,0.706298,0.82,0.69009,0.003,0.5753,0.102878,0.998230457551703,0.444
"924","Damaging",0.946029682176886,0.0539703178231143,-1.25,0.709663,"17_41215936_A_T","BRCA1",0.724815,1,"A",0.903,"BRCA1",1,17,1,0.8022,0.81,17,"Damaging","Findlay et al., 2018",0.815953721012,41215936,0.744699440738379,0.00029,1,NA,0.0887233662195552,0.760550550761029,5.68164,0.613276,"T",1703,0.706298,0.71,0.96003,0,0.8179,0.450963,0.991106158770364,0.874
"674","Neutral",0.00735414904973919,0.992645850950261,-1.03,0.743671,"17_41209120_A_T","BRCA1",0.724815,0.999,"A",0.592,"BRCA1",0.995,17,1,0.1999,0.29,17,"Neutral","Findlay et al., 2018",0.50718632341,41209120,-0.0204363739428337,0.004973,1,NA,1.27429482509424e-05,-0.00250130174882879,3.849252,0.683762,"T",1742,0.732398,1.07,0.76553,0.018,0.6102,0.123763,0.99692488967299,0.583
"746","Neutral",0.0314295064204159,0.968570493579584,-1.11,0.709663,"17_41215351_T_A","BRCA1",0.743671,0.998,"T",0.669,"BRCA1",0.983,17,1,0.5209,0.03,17,"Neutral","Findlay et al., 2018",0.612535218616,41215351,-0.0557396324526749,0.003478,1,NA,3.89363160629051e-05,-0.124635867198104,4.954341,0.613276,"A",1731,0.732398,0.65,0.75843,0.26,0.8018,0.186418,0.991120790659506,0.617
"1452","Neutral",0.0124250176045463,0.987574982395454,-0.32,0.658983,"17_41256969_G_C","BRCA1",0.708844,1,"G",0.675,"BRCA1",0.998,17,1,0.6698,0.29,17,"Neutral","Findlay et al., 2018",0.527766985783,41256969,0.498334456813425,0.001049,1,0.384,0.00508961649380299,0.541420615579959,3.364449,0.683762,"C",73,0.6512,-2.53,0.92135,0.052,0.7788,0.23515,0.998132964933206,0.606
"716","Neutral",0.348752958399566,0.651247041600434,-1.26,0.743671,"17_41209142_T_C","BRCA1",0.724815,1,"T",0.954,"BRCA1",1,17,1,1.0922,0.81,17,"Damaging","Findlay et al., 2018",0.811279269352,41209142,0.663123382527393,0.00025,1,NA,0.0107692169221148,0.715320879805997,4.743776,0.727631,"C",1735,0.732398,0.82,0.93295,0,0.9512,0.457924,0.999141780155491,0.87
"1114","Neutral",0.00754177178291482,0.992458228217085,-0.52,0.709663,"17_41219688_T_C","BRCA1",0.724815,0.495,"T",0.723,"BRCA1",0.277,17,1,-0.5175,0.03,17,"Neutral","Findlay et al., 2018",0.486034007619,41219688,-0.32136639057566,0.00876,1,NA,0.00973137244962609,-0.379666277573525,2.189507,0.683762,"C",1671,0.706298,-1.22,0.87925,0.036,0.3817,0.186418,0.97928893402632,0.54
"1724","Damaging",0.597879615844628,0.402120384155372,0.32,0.709663,"17_41267794_A_T","BRCA1",0.743671,1,"A",0.957,"BRCA1",1,17,1,0.6952,0.81,17,"Neutral","Starita et al., 2015",0.552875352358,41267794,0.664224977645915,0.001395,1,0.753,0.99418801649026,0.652389712929548,5.875353,0.613276,"T",28,0.732398,-2.85,0.9272,0.001,0.7823,0.444001,0.994937698318538,0.728
"334","Neutral",0.00427407823571258,0.995725921764287,-0.52,0.743671,"17_41201148_G_C","BRCA1",0.724815,0.965,"G",0.644,"BRCA1",0.869,17,1,0.0499,0.03,17,"Neutral","Findlay et al., 2018",0.124818908915,41201148,0.0280903477219008,0.007444,1,NA,5.64903861858167e-05,-0.0331270939579232,3.414737,0.714379,"C",1799,0.732398,-2.39,0.70291,0.176,0.7226,0.144648,0.942876611005857,0.563
"253","Neutral",0.0139597181667221,0.986040281833278,-0.56,0.724815,"17_41199688_A_C","BRCA1",0.724815,0.918,"A",0.726,"BRCA1",0.938,17,1,0.1753,0.03,17,"Neutral","Findlay et al., 2018",0.483436957962,41199688,-0.541495202794277,0.015686,0.999906,NA,0.000613771931137933,-0.441521933766454,2.644862,0.714379,"C",1813,0.706548,-2.52,0.07147,0.133,0.7256,0.158571,0.986410900896724,0.686
"701","Damaging",0.715090216922734,0.284909783077265,-1.43,0.743671,"17_41209134_C_G","BRCA1",0.724815,1,"C",0.952,"BRCA1",1,17,1,0.709,0.81,17,"Damaging","Lee et al., 2010",0.66879419443,41209134,0.619114505545395,0.000453,1,NA,0.0589560240060172,0.604220615983518,5.374041,0.727631,"G",1738,0.732398,0.9,0.95026,0.003,0.791,0.423116,0.999143375489276,0.762
"67","Neutral",0.0150371826499401,0.98496281735006,-1.03,0.743671,"17_41197756_A_C","BRCA1",0.724815,1,"A",0.867,"BRCA1",0.996,17,1,-0.0967,0.03,17,"Neutral","Lee et al., 2010",0.633558856574,41197756,0.301927119804543,0.628829,1,NA,0.00552218178711018,0.323614673097373,5.685276,0.714379,"C",1844,0.732398,-2.56,0.57116,0.455,0.735,0.195699,0.99640912998954,0.692
"648","Neutral",0.276466860293227,0.723533139706773,-1.98,0.743671,"17_41209109_T_A","BRCA1",0.724815,1,"T",0.851,"BRCA1",0.999,17,1,0.5087,0.81,17,"Neutral","Fernandes et al., 2019",0.678849561103,41209109,0.513316144705743,0.000197,1,NA,0.0107692169221148,0.488565950414947,4.672558,0.683762,"A",1746,0.732398,1.14,0.94092,0.028,0.7095,0.36046,0.979902069496044,0.844
"1536","Neutral",0.0313778164054461,0.968622183594554,-0.2,0.658983,"17_41258506_T_G","BRCA1",0.708844,1,"T",0.864,"BRCA1",0.999,17,1,0.6374,0.03,17,"Neutral","Findlay et al., 2018",0.634817694417,41258506,0.401223291316652,0.000248,1,0.537,0.0450179783001019,0.323959640719998,5.515669,0.683762,"G",60,0.6512,-1.86,0.96547,0.345,0.7347,0.395269,0.992610128556911,0.693
"849","Damaging",0.634040439866293,0.365959560133707,-0.8,0.658983,"17_41215899_C_A","BRCA1",0.724815,1,"C",0.956,"BRCA1",1,17,1,0.5708,0.81,17,"Damaging","Findlay et al., 2018",0.595919717212,41215899,0.838312621038184,8e-06,1,NA,0.689513542521037,0.860153593909534,7.195537,0.613276,"A",1715,0.706298,0.73,0.96762,0,0.7239,0.416154,0.996557282701704,0.809
"41","Neutral",0.00881645552728905,0.991183544472711,-0.71,0.743671,"17_41197742_C_T","BRCA1",0.724815,0.999,"C",0.723,"BRCA1",0.975,17,1,-0.0859,0.03,17,"Neutral","Findlay et al., 2018",0.572757512871,41197742,-0.0291290253676279,0.013212,1,NA,0.0101196219842309,-0.120504525369478,6.621125,0.714379,"T",1849,0.732398,-2.56,0.82452,0.299,0.6798,0.23515,0.992309167645679,0.59
"774","Neutral",0.00425345195178528,0.995746548048215,-0.22,0.709663,"17_41215363_T_C","BRCA1",0.743671,0.997,"T",0.71,"BRCA1",0.983,17,1,-0.3214,0.03,17,"Neutral","Findlay et al., 2018",0.147574847689,41215363,-0.522695720080875,0.185647,1,NA,9.16002324073527e-06,-0.553645646388674,0.831066,0.655142,"C",1727,0.732398,0.86,0.26927,0.588,0.6051,0.144648,0.967611099365318,0.533
"798","Neutral",0.00339471223201937,0.996605287767981,-0.16,0.658983,"17_41215374_A_C","BRCA1",0.708844,0.998,"A",0.699,"BRCA1",0.995,17,1,-0.3982,0.03,17,"Neutral","Findlay et al., 2018",0.23031948811,41215374,-0.302239071210259,0.259052,1,NA,8.88267412144723e-06,-0.315852046125535,1.635102,0.655142,"C",1723,0.6512,0.81,0.56973,0.266,0.5299,0.137686,0.929900318717114,0.501
"520","Neutral",0.101881016954145,0.898118983045855,-1.46,0.724815,"17_41203109_C_G","BRCA1",0.724815,1,"C",0.913,"BRCA1",1,17,1,0.7952,0.03,17,"Neutral","Findlay et al., 2018",0.758074168407,41203109,0.620907309719415,2.5e-05,1,NA,0.0772450492615881,0.629389756955138,5.967024,0.727631,"G",1768,0.732398,-1.27,0.95141,0.012,0.7853,0.430077,0.994643621836659,0.733
"1001","Neutral",0.0147438482581439,0.985256151741856,-0.65,0.709663,"17_41219631_T_G","BRCA1",0.724815,0.997,"T",0.682,"BRCA1",0.972,17,1,0.4624,0.03,17,"Neutral","Findlay et al., 2018",0.786738699728,41219631,0.396440814528148,0.001193,1,NA,0.00982258699682715,0.405012566446439,4.020754,0.683762,"G",1690,0.706298,-2.2,0.91938,0.025,0.6951,0.00540699,0.994760071136027,0.72
"509","Neutral",0.225059170329824,0.774940829670176,-1.53,0.724815,"17_41203103_C_A","BRCA1",0.724815,1,"C",0.913,"BRCA1",0.999,17,1,0.6824,0.03,17,"Neutral","Fernandes et al., 2019",0.786528500762,41203103,0.444495820101055,0.003787,1,NA,0.000371930612087874,0.484917239323781,6.515221,0.727631,"A",1770,0.732398,-2.7,0.8942,0.006,0.7985,0.423116,0.997418711204331,0.835
"1118","Neutral",0.00332087329761055,0.996679126702389,-0.31,0.709663,"17_41219690_C_T","BRCA1",0.724815,0.186,"C",0.629,"BRCA1",0.047,17,1,-0.8845,0.03,17,"Damaging","Findlay et al., 2018",0.0937595355288,41219690,-0.443010048147185,0.015467,1,NA,0.000856446127625049,-0.548570130039777,1.703807,0.683762,"T",1670,0.706298,-1.07,0.59476,0.457,0.213,0.0471839,0.897889055940107,0.376
"1366","Neutral",0.0886229185750038,0.911377081424996,-0.63,0.658983,"17_41256926_A_C","BRCA1",0.708844,1,"A",0.702,"BRCA1",0.999,17,1,0.8704,0.03,17,"Neutral","Findlay et al., 2018",0.755735658885,41256926,0.426826573820129,0.00097,1,0.443,0.00128359877560275,0.486539107739961,5.012634,0.683762,"C",87,0.6512,-1.98,0.96902,0.011,0.877,0.297805,0.958737737814344,0.698
"191","Damaging",0.525645110188671,0.474354889811329,-0.62,0.724815,"17_41199660_C_T","BRCA1",0.724815,0.604,"C",0.826,"BRCA1",0.224,17,1,-0.3685,0.03,17,"Neutral","Woods et al., 2016",0.622968673258,41199660,-0.163373025796586,0.923898,0.996195,NA,0.00759766392020125,-0.283766935816218,4.308633,0.635551,"T",1823,0.706548,-1.26,0.66615,0.393,0.4583,0.249073,0.988544495428723,0.485
"231","Neutral",0.0853130475015398,0.91468695249846,-1.26,0.724815,"17_41199677_T_A","BRCA1",0.724815,0.917,"T",0.722,"BRCA1",0.739,17,1,0.2521,0.03,17,"Neutral","Findlay et al., 2018",0.781565032798,41199677,0.399619201862487,0.01775,0.999457,NA,0.181020224346692,0.381089286243967,5.117404,0.714379,"A",1817,0.706548,-2.65,0.85153,0.002,0.5766,0.256035,0.979229492990578,0.74
"1211","Damaging",0.849549958012313,0.150450041987687,-1.2,0.724815,"17_41222973_A_C","BRCA1",0.724815,1,"A",0.948,"BRCA1",1,17,1,0.7789,0.66,17,"Neutral","Findlay et al., 2018",0.758038225115,41222973,0.63459909723813,0.000167,1,NA,0.0472083070165196,0.701836274803557,5.871531,0.727631,"C",1653,0.732398,-2.21,0.95981,0,0.813,0.444001,0.996252652507236,0.898
"791","Neutral",0.00753606681706354,0.992463933182936,-0.8,0.658983,"17_41215371_T_A","BRCA1",0.743671,0.998,"T",0.607,"BRCA1",0.985,17,1,0.1222,0.03,17,"Neutral","Findlay et al., 2018",0.431692058645,41215371,-0.12268383181457,0.012913,1,NA,9.37447874359873e-06,-0.031676160652698,5.66926,0.655142,"A",1724,0.732398,0.69,0.73088,0.026,0.6441,0.137686,0.997232024122535,0.627
"1863","Neutral",0.00851545189800285,0.991484548101997,0.34,0.643519,"17_41276101_C_A","BRCA1",0.685571,0.915,"C",0.638,"BRCA1",0.341,17,1,-0.0011,0.03,17,"Neutral","Starita et al., 2015",0.33882475881,41276101,-0.513895128116311,0.83906,0.99999,0.272,0.997170897643829,-0.492565620833727,3.454061,0.605231,"A",5,0.634777,-1.83,0.04292,0.169,0.6252,0.0819924,0.968919994595426,0.519
"198","Neutral",0.0115207892130118,0.988479210786988,-1.04,0.724815,"17_41199663_G_C","BRCA1",0.724815,0.998,"G",0.705,"BRCA1",0.997,17,1,-0.1886,0.03,17,"Neutral","Findlay et al., 2018",0.578934699742,41199663,0.00067545563326879,0.766537,0.999975,NA,0.545528617216107,-0.049405761565821,4.505226,0.635551,"C",1822,0.706548,-1.24,0.49532,0.593,0.5445,0.186418,0.988998428974556,0.456
"662","Neutral",0.00353712264769768,0.996462877352302,-1.07,0.743671,"17_41209114_T_A","BRCA1",0.724815,0.991,"T",0.763,"BRCA1",0.96,17,1,-0.0614,0.03,17,"Neutral","Findlay et al., 2018",0.264048217916,41209114,-0.177435493339279,0.004053,1,NA,1.12825836991582e-05,-0.25690072288257,4.032937,0.683762,"A",1744,0.732398,0.99,0.71554,0.09,0.5284,0.200341,0.994505926189498,0.574
"861","Damaging",0.854922627130439,0.145077372869561,-0.83,0.709663,"17_41215905_A_T","BRCA1",0.724815,1,"A",0.928,"BRCA1",0.985,17,1,0.966,0.66,17,"Damaging","Findlay et al., 2018",0.839824203376,41215905,0.748595509716696,0.111502,1,NA,0.154627545405834,0.745875316647413,7.391847,0.613276,"T",1713,0.706298,0.48,0.97456,0,0.8843,0.450963,0.988747545210839,0.76
"96","Damaging",0.977622651981118,0.0223773480188822,-1.26,0.743671,"17_41197769_C_G","BRCA1",0.724815,1,"C",0.962,"BRCA1",1,17,1,0.8608,0.81,17,"Neutral","Findlay et al., 2018",0.79709891696,41197769,0.727183017318199,3.1e-05,1,NA,0.962895436829671,0.755868860349729,6.550654,0.714379,"G",1840,0.732398,-3.1,0.9318,0.001,0.8549,0.471848,0.995422546559555,0.798
"1264","Neutral",0.00375306280507293,0.996246937194927,-0.83,0.724815,"17_41222994_A_T","BRCA1",0.724815,0.33,"A",0.715,"BRCA1",0.079,17,1,-0.6729,0.03,17,"Neutral","Findlay et al., 2018",0.236046751173,41222994,-1.38112674237513,0.109682,1,NA,0.879836097319456,-1.25460867609523,0.63137,0.727631,"T",1646,0.732398,-2.14,0.02257,0.456,0.3395,0.116801,0.857494248499402,0.581
"1763","Neutral",0.00472193368851315,0.995278066311487,0.38,0.643519,"17_41276052_A_T","BRCA1",0.685571,1,"A",0.72,"BRCA1",0.998,17,1,-0.161,0.03,17,"Neutral","Findlay et al., 2018",0.311178000901,41276052,0.136866424400317,0.000436,1,0.558,0.999936014922909,0.0804632870259017,2.713659,0.605231,"T",21,0.634777,-1.78,0.61654,0.526,0.6252,0.256035,0.985641541412417,0.641
"758","Damaging",0.693968135573347,0.306031864426653,-1.08,0.709663,"17_41215357_A_C","BRCA1",0.743671,1,"A",0.907,"BRCA1",0.999,17,1,0.943,0.81,17,"Neutral","Findlay et al., 2018",0.829078971126,41215357,0.624737516695403,0.001398,1,NA,0.0413538855372661,0.666182292621952,6.259885,0.613276,"C",1729,0.732398,0.75,0.96197,0,0.8745,0.464886,0.997670969136238,0.82
"973","Neutral",0.0081235116108721,0.991876488389128,-0.14,0.709663,"17_41215961_C_A","BRCA1",0.724815,0.117,"C",0.672,"BRCA1",0.085,17,1,-0.4822,0.03,17,"Neutral","Findlay et al., 2018",0.272162507406,41215961,-0.518614812764816,8.7e-05,1,NA,4.00376779644551e-05,-0.561096993690449,3.155509,0.613276,"A",1694,0.706298,1.03,0.5915,0.17,0.5232,0.144648,0.98161896906116,0.54
"1171","Neutral",0.174200346420815,0.825799653579185,-0.82,0.724815,"17_41222949_T_A","BRCA1",0.724815,1,"T",0.742,"BRCA1",0.999,17,1,0.7075,0.66,17,"Neutral","Findlay et al., 2018",0.717893434829,41222949,0.530691272919301,3.2e-05,1,NA,0.0472083070165196,0.594667398602915,5.192145,0.727631,"A",1661,0.732398,-1.66,0.94073,0.001,0.7827,0.27692,0.991903514644907,0.752
"1729","Damaging",0.913351920147688,0.0866480798523119,-0.59,0.643519,"17_41276034_C_G","BRCA1",0.672317,1,"C",0.86,"BRCA1",0.998,17,1,0.9652,0.81,17,"Damaging","Findlay et al., 2018",0.941180062084,41276034,0.570303684232556,0.000243,1,0.88,0.999977423004228,0.742319843373956,4.841955,0.651492,"G",27,0.660085,0.57,0.83493,0,0.9923,0.499694,0.989724439243509,0.95
"1284","Neutral",0.00390214660719834,0.996097853392802,-0.66,0.724815,"17_41223003_G_T","BRCA1",0.724815,0.682,"G",0.67,"BRCA1",0.205,17,1,-0.6901,0.03,17,"Neutral","Findlay et al., 2018",0.0928741517314,41223003,-1.27931006192726,0.566659,1,NA,7.49232150364485e-05,-1.24085252565958,-0.036339,0.727631,"T",1643,0.732398,-2.07,0.02218,0.337,0.3184,0.0959158,0.143012860386193,0.584
"1815","Neutral",0.00379001961358971,0.99620998038641,-1.05,0.643519,"17_41276076_T_A","BRCA1",0.685571,0.999,"T",0.652,"BRCA1",0.979,17,1,0.1006,0.03,17,"Neutral","Findlay et al., 2018",0.666440634831,41276076,0.0899709404654129,0.006516,1,0.382,0.99873422860647,0.138433433669703,5.687728,0.605231,"A",13,0.634777,-1.9,0.59991,0.012,0.6155,0.151609,0.990931698801301,0.673
"431","Damaging",0.630114604560706,0.369885395439294,-1.08,0.743671,"17_41201196_A_T","BRCA1",0.724815,1,"A",0.829,"BRCA1",0.98,17,1,0.2034,0.66,17,"Damaging","Findlay et al., 2018",0.558134739546,41201196,0.527527083436279,0.000301,1,NA,0.0356430945504192,0.573913678696225,4.178646,0.635551,"T",1783,0.732398,-1.12,0.97022,0.001,0.5736,0.339575,0.984896746808957,0.644
"653","Neutral",0.0165342910943023,0.983465708905698,-1.26,0.743671,"17_41209110_G_T","BRCA1",0.724815,1,"G",0.652,"BRCA1",0.999,17,1,0.5397,0.81,17,"Neutral","Fernandes et al., 2019",0.487299727864,41209110,0.633737464879483,0.000197,1,NA,0.0589560240060172,0.614304287418822,4.643324,0.683762,"T",1746,0.732398,1.04,0.96244,0.017,0.7221,0.214265,0.991044970270037,0.584
"1213","Damaging",0.861364392582973,0.138635607417027,-1.03,0.724815,"17_41222973_A_T","BRCA1",0.724815,1,"A",0.949,"BRCA1",0.999,17,1,0.7789,0.66,17,"Damaging","Findlay et al., 2018",0.74245279091,41222973,0.60654624923552,0.000167,1,NA,0.0472083070165196,0.661861226143386,6.734323,0.727631,"T",1653,0.732398,-2.21,0.95881,0.001,0.813,0.444001,0.988691506655953,0.856
"1015","Neutral",0.0107519105175112,0.989248089482489,-0.42,0.709663,"17_41219637_C_G","BRCA1",0.724815,0.232,"C",0.761,"BRCA1",0.077,17,1,-0.552,0.03,17,"Neutral","Findlay et al., 2018",0.435375753344,41219637,-0.692922173727644,0.081937,0.999997,NA,0.000448913302433934,-0.772087172218932,2.89369,0.683762,"G",1688,0.706298,-2.49,0.37436,0.007,0.4085,0.221226,0.960284851537116,0.537
"642","Neutral",0.0056619734333464,0.994338026566654,-1.22,0.743671,"17_41209106_T_A","BRCA1",0.724815,0.997,"T",0.782,"BRCA1",0.823,17,1,0.2161,0.29,17,"Neutral","Fernandes et al., 2019",0.451848101976,41209106,0.237109580967032,0.012624,1,NA,0.000149876682977151,0.163343585135061,4.459881,0.727631,"A",1747,0.732398,0.9,0.85689,0.033,0.6014,0.249073,0.991222274174213,0.65
"1256","Neutral",0.00321167588309634,0.996788324116904,-1.05,0.724815,"17_41222991_T_A","BRCA1",0.724815,0.005,"T",0.614,"BRCA1",0.022,17,1,-0.7339,0.03,17,"Neutral","Findlay et al., 2018",0.0765689921926,41222991,-1.02708914775101,0.590838,1,NA,8.85262320695596e-05,-1.00395511240395,1.235976,0.727631,"A",1647,0.732398,-2.22,0.05047,0.154,0.3923,0.0611073,0.940339748560378,0.601
"960","Neutral",0.150718249033312,0.849281750966688,-0.97,0.709663,"17_41215956_A_C","BRCA1",0.724815,1,"A",0.892,"BRCA1",1,17,1,0.7424,0.81,17,"Damaging","Findlay et al., 2018",0.843662906697,41215956,0.707315078202235,0.000303,1,NA,0.0887233662195552,0.698356206585509,5.868827,0.613276,"C",1696,0.706298,0.84,0.96223,0.034,0.8014,0.437039,0.996957541259717,0.792
"592","Neutral",0.00544516455555621,0.994554835444444,-0.51,0.743671,"17_41209080_G_T","BRCA1",0.724815,0.032,"G",0.707,"BRCA1",0.031,17,1,-0.2422,0.03,17,"Neutral","Findlay et al., 2018",0.279892864347,41209080,-0.114369913358011,0.533281,1,NA,0.000346430865159923,-0.217366285709087,1.81537,0.683762,"T",1756,0.732398,0.89,0.87905,0.227,0.5762,0.214265,0.580569135764996,0.532
"450","Neutral",0.010401598579305,0.989598401420695,-0.54,0.724815,"17_41201206_G_C","BRCA1",0.724815,1,"G",0.807,"BRCA1",0.998,17,1,0.3452,0.03,17,"Neutral","Findlay et al., 2018",0.529425347188,41201206,-0.0112190495535833,0.001495,1,NA,2.06472062364497e-05,0.139084662149175,2.989678,0.683762,"C",1780,0.706548,-1.81,0.35958,0.022,0.6781,0.269958,0.997440796160185,0.582
"165","Neutral",0.00372320936427495,0.996276790635725,-0.51,0.643519,"17_41197808_T_C","BRCA1",0.724815,0.071,"T",0.697,"BRCA1",0.025,17,1,-0.9862,0.03,17,"Neutral","Findlay et al., 2018",0.115376951629,41197808,-1.00232396640461,0.373558,0.999994,NA,0.853519393523523,-1.03599849873964,0.196886,0.683762,"C",1827,0.706548,-1.18,0.35635,0.5,0.1702,0.0113117,0.632408629154142,0.456
"62","Neutral",0.00508543792306715,0.994914562076933,-0.7,0.743671,"17_41197753_T_A","BRCA1",0.724815,1,"T",0.617,"BRCA1",0.985,17,1,0.3366,0.03,17,"Neutral","Findlay et al., 2018",0.410286122616,41197753,0.0351971151050739,0.005196,1,NA,0.00254720713303392,0.0536319460478855,3.974738,0.714379,"A",1845,0.732398,-2.54,0.77531,0.108,0.6913,0.165533,0.972356782388161,0.637
"1217","Neutral",0.00330492724793552,0.996695072752064,-0.32,0.724815,"17_41222975_C_A","BRCA1",0.724815,0.166,"C",0.681,"BRCA1",0.09,17,1,-0.7836,0.03,17,"Neutral","Lee et al., 2010",0.0631577709138,41222975,-0.0674097859341404,0.002556,1,NA,0.0013126333724985,-0.274289964374125,3.042042,0.727631,"A",1652,0.732398,-1.77,0.65737,0.319,0.2493,0.144648,0.966655796436102,0.437
"362","Neutral",0.0131659807652597,0.98683401923474,-1.25,0.743671,"17_41201163_T_A","BRCA1",0.724815,0.976,"T",0.729,"BRCA1",0.539,17,1,0.2471,0.03,17,"Neutral","Findlay et al., 2018",0.536096518676,41201163,0.181142308722663,0.094789,1,NA,0.000231150327982823,0.144874955013925,4.685274,0.635551,"A",1794,0.732398,-2.57,0.85878,0.027,0.618,0.249073,0.989014948289109,0.685
"622","Neutral",0.00479231370439215,0.995207686295608,-0.72,0.743671,"17_41209096_C_A","BRCA1",0.724815,0.997,"C",0.568,"BRCA1",0.768,17,1,-0.316,0.03,17,"Neutral","Findlay et al., 2018",0.458890831944,41209096,-0.0407750556058031,0.031788,1,NA,4.20811167015194e-05,-0.115388865143136,4.550274,0.727631,"A",1750,0.732398,0.93,0.79276,0.028,0.5427,0.102878,0.996393437085325,0.576
"1289","Neutral",0.00983561590194315,0.990164384098057,-0.41,0.724815,"17_41223007_A_C","BRCA1",0.724815,0.982,"A",0.599,"BRCA1",0.952,17,1,-0.2271,0.03,17,"Neutral","Findlay et al., 2018",0.0931640246472,41223007,-0.425402335926521,0.826208,1,NA,7.27418293728779e-05,-0.310503988698655,-0.053562,0.727631,"C",1642,0.732398,-2.15,0.47915,0.039,0.7022,0.109839,0.984437632812569,0.571
"986","Damaging",0.87707173140957,0.12292826859043,-0.59,0.709663,"17_41215967_A_T","BRCA1",0.724815,1,"A",0.805,"BRCA1",0.999,17,1,-0.0305,0.66,17,"Damaging","Findlay et al., 2018",0.572269828568,41215967,0.120227862019758,7.1e-05,1,NA,1.04507834864298e-05,0.191965927649952,3.577754,0.613276,"T",1692,0.706298,-1.26,0.74772,0.067,0.5383,0.36046,0.995485094991157,0.614
"1735","Neutral",0.170741258711299,0.829258741288701,0.08,0.643519,"17_41276037_A_G","BRCA1",0.672317,0.999,"A",0.897,"BRCA1",0.999,17,1,0.824,0.29,17,"Damaging","Findlay et al., 2018",0.810114211228,41276037,0.493582406997797,0.000431,1,0.789,0.999936014922909,0.632939488399059,4.839895,0.651492,"G",26,0.660085,-2.49,0.84788,0.001,0.844,0.437039,0.997418259434682,0.807
"1810","Neutral",0.0571048252937079,0.942895174706292,-0.58,0.643519,"17_41276074_C_A","BRCA1",0.685571,0.999,"C",0.825,"BRCA1",0.99,17,1,-0.1264,0.03,17,"Damaging","Findlay et al., 2018",0.586614445468,41276074,0.11544272880285,0.025349,1,0.325,0.999172680361226,0.121156940408461,5.921836,0.605231,"A",14,0.634777,-1.96,0.71304,0.054,0.4712,0.256035,0.9951817464456,0.607
"1640","Neutral",0.0206725572742692,0.979327442725731,-0.42,0.658983,"17_41267752_A_G","BRCA1",0.743671,1,"A",0.907,"BRCA1",1,17,1,0.513,0.03,17,"Neutral","Findlay et al., 2018",0.381715036256,41267752,0.565944225427301,2.3e-05,1,0.572,0.99418801649026,0.481067546495178,4.704796,0.655142,"G",42,0.732398,3.22,0.92651,0.288,0.6563,0.409192,0.997401786727212,0.599
"1876","Neutral",0.00373758630697629,0.996262413693024,-0.02,0.643519,"17_41276108_A_C","BRCA1",0.685571,0.999,"A",0.676,"BRCA1",0.994,17,1,0.1104,0.03,17,"Neutral","Findlay et al., 2018",0.378005134325,41276108,0.22401681772046,0.000363,1,0.24,0.999936014922909,0.245808281233947,5.262131,0.605231,"C",2,0.634777,-1.82,0.70921,0.01,0.5505,0.179456,0.997027142741298,0.539
"1679","Damaging",0.981506474112535,0.0184935258874652,-0.7,0.709663,"17_41267768_T_G","BRCA1",0.743671,1,"T",0.965,"BRCA1",1,17,1,0.9378,0.66,17,"Neutral","Findlay et al., 2018",0.645509226281,41267768,0.701092538219319,7.8e-05,1,0.86,0.99418801649026,0.712122816808942,5.914749,0.655142,"G",37,0.732398,3.15,0.90409,0.003,0.8734,0.464886,0.996491027552364,0.821
"1088","Neutral",0.00403738758389649,0.995962612416104,-0.13,0.709663,"17_41219676_T_A","BRCA1",0.724815,0.005,"T",0.673,"BRCA1",0.006,17,1,-0.9669,0.03,17,"Neutral","Findlay et al., 2018",0.132544615701,41219676,-1.55435082644055,0.167444,1,NA,0.00235070203408192,-1.50936465882181,-0.624746,0.683762,"A",1675,0.706298,-1.25,0.04563,0.259,0.2152,0.068069,0.458240595241163,0.501
"1053","Neutral",0.0170528223440382,0.982947177655962,-0.57,0.709663,"17_41219657_G_T","BRCA1",0.724815,0.775,"G",0.591,"BRCA1",0.757,17,1,-0.0339,0.03,17,"Neutral","Findlay et al., 2018",0.34515816122,41219657,-0.385066369945772,0.013833,1,NA,0.00685613697144076,-0.496171719946365,2.103189,0.683762,"T",1681,0.706298,-1.24,0.88549,0.191,0.4736,0.0889541,0.86387604939781,0.503
"12","Damaging",0.854707430526379,0.145292569473621,-0.72,0.743671,"17_41197729_T_A","BRCA1",0.724815,1,"T",0.7,"BRCA1",0.997,17,1,1.0042,0.29,17,"Neutral","Findlay et al., 2018",0.778927147627,41197729,0.662029424282025,0.000216,1,NA,0.792206002535889,0.691505755266891,6.211256,0.714379,"A",1853,0.732398,-3.74,0.91793,0.001,0.9031,0.325652,0.985551793576502,0.79
"1776","Neutral",0.0176028926872304,0.98239710731277,-0.47,0.643519,"17_41276058_T_C","BRCA1",0.685571,0.998,"T",0.718,"BRCA1",0.992,17,1,0.5139,0.03,17,"Neutral","Starita et al., 2015",0.607198326912,41276058,0.276581383280985,0.000865,1,0.461,0.999936014922909,0.270781499650112,4.884472,0.605231,"C",19,0.634777,-1.8,0.78257,0.06,0.7306,0.256035,0.99823180908303,0.736
"112","Damaging",0.917603001834983,0.0823969981650167,-2.34,0.743671,"17_41197778_A_C","BRCA1",0.724815,1,"A",0.918,"BRCA1",1,17,1,1.0936,0.81,17,"Damaging","Lee et al., 2010",0.965001737762,41197778,0.688225174426611,0.000149,1,NA,0.792206002535889,0.719123343000223,5.927161,0.714379,"C",1837,0.732398,-5.47,0.9439,0,0.9678,0.534503,0.979991754605025,0.888
"1890","Damaging",0.964163128424165,0.0358368715758349,-0.46,0.643519,"17_41276113_T_C","BRCA1",0.685571,0.993,"T",0.967,"BRCA1",0.935,17,1,0.4461,NA,17,"Damaging","Findlay et al., 2018",NA,41276113,0.284553434884837,5.7e-05,1,0.997,0.999936014922909,0.31024989980016,4.445601,0.605231,"C",1,0.634777,-1.83,0.78296,0.006,0.6938,0.402231,0.983088803398243,0.696
"649","Damaging",0.531072016895078,0.468927983104922,-1.44,0.743671,"17_41209109_T_C","BRCA1",0.724815,1,"T",0.855,"BRCA1",0.999,17,1,0.5087,0.29,17,"Neutral","Fernandes et al., 2019",0.542062592965,41209109,0.50623603102182,0.000197,1,NA,0.0107692169221148,0.478454516199356,3.533159,0.683762,"C",1746,0.732398,1,0.93295,0.003,0.7095,0.36046,0.997318118227492,0.806
"1138","Neutral",0.00722432545670249,0.992775674543298,-0.49,0.709663,"17_41219702_T_A","BRCA1",0.724815,0.255,"T",0.63,"BRCA1",0.079,17,1,-0.8116,0.03,17,"Neutral","Findlay et al., 2018",0.320636329863,41219702,-0.301502639053539,0.532101,1,NA,0.01004350286392,-0.407237843662631,2.681211,0.683762,"A",1666,0.706298,-1.27,0.88119,0.088,0.2499,0.0959158,0.957403492783326,0.448
"102","Damaging",0.776403487640368,0.223596512359632,-1.26,0.743671,"17_41197774_A_C","BRCA1",0.724815,1,"A",0.939,"BRCA1",0.999,17,1,0.8222,0.66,17,"Neutral","Fernandes et al., 2019",0.791986982775,41197774,0.672419364787685,0.000226,1,NA,0.792206002535889,0.695521351554912,5.639719,0.714379,"C",1838,0.732398,-2.99,0.94322,0,0.8355,0.457924,0.997193964817618,0.795
"1664","Damaging",0.984970325343092,0.0150296746569078,-1.29,0.709663,"17_41267761_C_T","BRCA1",0.743671,1,"C",0.997,"BRCA1",1,17,1,0.9542,0.81,17,"Damaging","Findlay et al., 2018",0.830040555038,41267761,0.931298372454074,3.8e-05,1,0.999,0.999493915182735,1.02349914216731,6.689001,0.655142,"T",39,0.732398,0.55,0.89461,0.003,0.9936,0.56235,0.996443273306268,0.932
"1179","Neutral",0.00408942010066715,0.995910579899333,-0.63,0.724815,"17_41222952_T_G","BRCA1",0.724815,0.101,"T",0.65,"BRCA1",0.123,17,1,-0.4731,0.03,17,"Neutral","Findlay et al., 2018",0.403987388432,41222952,-0.165621499031782,0.004982,1,NA,0.00078282876781357,-0.302793303634463,3.957958,0.727631,"G",1660,0.732398,-2.19,0.84423,0.353,0.4395,0.151609,0.934058968616981,0.586
"1447","Neutral",0.0551132577049822,0.944886742295018,-0.21,0.658983,"17_41256965_T_G","BRCA1",0.708844,0.997,"T",0.862,"BRCA1",0.967,17,1,0.2872,0.03,17,"Neutral","Findlay et al., 2018",0.502585035265,41256965,0.389540076483133,0.045317,0.999999,0.438,0.000118893720972532,0.434691143751947,5.119777,0.683762,"G",74,0.6512,-1.89,0.92663,0.018,0.6635,0.332614,0.995134605431373,0.685
"1785","Damaging",0.750872592669457,0.249127407330543,-0.49,0.643519,"17_41276061_A_T","BRCA1",0.685571,0.998,"A",0.947,"BRCA1",0.982,17,1,0.2481,0.66,17,"Damaging","Findlay et al., 2018",0.612688794778,41276061,0.338500759726186,5.7e-05,1,0.905,0.999936014922909,0.356225867599973,5.512044,0.605231,"T",18,0.634777,-1.87,0.85107,0.109,0.6189,0.381346,0.984011227661767,0.774
"1806","Neutral",0.00858901885253438,0.991410981147466,0.07,0.643519,"17_41276071_T_C","BRCA1",0.685571,0.127,"T",0.58,"BRCA1",0.029,17,1,-0.5769,0.29,17,"Neutral","Starita et al., 2015",0.192263135698,41276071,-0.507688469355283,0.030106,1,0.278,0.997043955749862,-0.657191606381298,2.081039,0.605231,"C",15,0.634777,-1.9,0.44563,0.224,0.3211,0.068069,0.960836757098404,0.436
"480","Damaging",0.797615965240028,0.202384034759972,-1.08,0.724815,"17_41203088_A_T","BRCA1",0.724815,1,"A",0.961,"BRCA1",1,17,1,0.6922,0.66,17,"Damaging","Lee et al., 2010",0.804845598237,41203088,0.666244745644706,3e-06,1,NA,0.0192078423491136,0.693440170392724,6.55768,0.727631,"T",1775,0.732398,-1.32,0.96933,0.006,0.7837,0.437039,0.985584590703397,0.734
"1336","Damaging",0.853874162943778,0.146125837056222,-0.43,0.658983,"17_41256911_G_A","BRCA1",0.708844,1,"G",0.911,"BRCA1",0.999,17,1,0.9225,0.81,17,"Damaging","Findlay et al., 2018",0.681530043245,41256911,0.706312353003112,9.8e-05,1,0.495,0.731073347977157,0.728821402933,6.294507,0.683762,"A",92,0.6512,-1.95,0.99058,0.032,0.8761,0.485771,0.999107845870788,0.761
"1885","Damaging",0.943866343201568,0.0561336567984316,-0.46,0.643519,"17_41276111_C_T","BRCA1",0.685571,0.993,"C",0.96,"BRCA1",0.956,17,1,0.5223,NA,17,"Damaging","Findlay et al., 2018",0.9308766806,41276111,0.312639291828477,5.7e-05,1,0.996,0.999977423004228,0.34664899273018,5.867182,0.605231,"T",1,0.634777,-1.84,0.68152,0.025,0.7099,0.395269,0.996600831285231,0.696
"434","Neutral",0.00506060211408976,0.99493939788591,-0.53,0.743671,"17_41201197_T_G","BRCA1",0.724815,0.897,"T",0.707,"BRCA1",0.887,17,1,-0.0664,0.03,17,"Neutral","Findlay et al., 2018",0.237119983776,41201197,0.138350975656754,0.000301,1,NA,0.00030415865572885,0.105017279073318,3.443855,0.635551,"G",1783,0.732398,-1.01,0.94984,0.37,0.4741,-0.0315065,0.966306658210428,0.457
"759","Damaging",0.644054642096947,0.355945357903053,-1.08,0.709663,"17_41215357_A_T","BRCA1",0.743671,1,"A",0.902,"BRCA1",0.999,17,1,0.943,0.81,17,"Neutral","Findlay et al., 2018",0.8320852983,41215357,0.656924179901391,0.001398,1,NA,0.0413538855372661,0.712071644135005,6.157233,0.613276,"T",1729,0.732398,0.81,0.96079,0.001,0.8745,0.444001,0.992498685959615,0.825
"144","Neutral",0.012505436925986,0.987494563074014,-0.75,0.743671,"17_41197799_C_G","BRCA1",0.724815,1,"C",0.81,"BRCA1",0.992,17,1,-0.0455,0.03,17,"Neutral","Findlay et al., 2018",0.409596560837,41197799,0.124323331750671,0.178531,0.999943,NA,0.0908387828284415,0.247362106804136,6.016636,0.635551,"G",1830,0.732398,-1.3,0.44148,0.009,0.598,0.269958,0.997081388744469,0.507
"300","Neutral",0.00405473183171423,0.995945268168286,-1.2,0.724815,"17_41199713_T_G","BRCA1",0.724815,0.93,"T",0.762,"BRCA1",0.601,17,1,-0.6174,0.03,17,"Neutral","Lee et al., 2010",0.342067372543,41199713,-0.756334253679651,0.067778,1,NA,0.000278528345663484,-0.674265772102716,1.933686,0.714379,"G",1805,0.706548,-1.24,0.02083,0.148,0.3635,0.186418,0.731342472184761,0.535
"522","Neutral",0.0194083519941703,0.98059164800583,-1.37,0.724815,"17_41203112_C_A","BRCA1",0.724815,1,"C",0.808,"BRCA1",0.999,17,1,0.5012,0.03,17,"Neutral","Findlay et al., 2018",0.715433050279,41203112,0.353774579154114,0.000988,1,NA,4.68420275062226e-05,0.418938263395707,6.58407,0.727631,"A",1767,0.732398,-1.22,0.88118,0.119,0.7545,0.262997,0.989347759120426,0.663
"1301","Neutral",0.00628955902620443,0.993710440973796,0.7,0.658983,"17_41256890_A_G","BRCA1",0.708844,0.999,"A",0.736,"BRCA1",0.994,17,1,-0.7875,0.03,17,"Neutral","Starita et al., 2015",0.362229511851,41256890,0.136955903563259,0.064046,1,0.397,0.00144441504298161,0.108861880383092,3.951715,0.683762,"G",99,0.6512,-1.88,0.91683,0.265,0.2252,0.19338,0.998112284692544,0.647
"1238","Neutral",0.00347868570624477,0.996521314293755,-0.15,0.724815,"17_41222983_T_A","BRCA1",0.724815,0.001,"T",0.617,"BRCA1",0.003,17,1,-0.8853,0.03,17,"Neutral","Fernandes et al., 2019",0.0375254377782,41222983,-0.964155441513001,0.168128,1,NA,6.59458718795136e-05,-1.0172990916972,0.96597,0.727631,"A",1650,0.732398,-1.96,0.06336,1,0.2149,0.0611073,0.599718105068714,0.505
"437","Neutral",0.00777248151416976,0.99222751848583,-2.2,0.743671,"17_41201199_C_A","BRCA1",0.724815,1,"C",0.723,"BRCA1",0.999,17,1,0.2168,0.03,17,"Neutral","Findlay et al., 2018",0.374136711355,41201199,0.451835543223003,0.005544,1,NA,0.222700424833307,0.463861772103397,6.63194,0.635551,"A",1782,0.732398,-1.21,0.94853,0.424,0.5533,0.242112,0.984093115658204,0.511
"345","Neutral",0.00724102912660129,0.992758970873399,-0.46,0.743671,"17_41201152_A_G","BRCA1",0.724815,0.993,"A",0.6,"BRCA1",0.987,17,1,-0.739,0.03,17,"Neutral","Findlay et al., 2018",0.0483644396673,41201152,-0.322101915995834,0.033039,1,NA,3.60272499761265e-05,-0.426845194920008,2.157245,0.714379,"G",1798,0.732398,-1.22,0.42111,1,0.3445,0.0819924,0.954597480463346,0.394
"644","Neutral",0.0151721439872662,0.984827856012734,-1.06,0.743671,"17_41209106_T_G","BRCA1",0.724815,0.999,"T",0.838,"BRCA1",0.959,17,1,0.2908,0.29,17,"Neutral","Fernandes et al., 2019",0.375883239295,41209106,0.306344625866626,0.012624,1,NA,0.000149876682977151,0.261648207737193,3.884625,0.727631,"G",1747,0.732398,0.98,0.86516,0.05,0.6435,0.311729,0.994438202286941,0.657
"1736","Damaging",0.553596170584411,0.446403829415589,0.02,0.643519,"17_41276037_A_T","BRCA1",0.672317,1,"A",0.833,"BRCA1",0.999,17,1,0.8784,0.66,17,"Damaging","Findlay et al., 2018",0.846245056429,41276037,0.53668281407819,0.000431,1,0.781,0.999936014922909,0.699619875520277,5.419615,0.651492,"T",26,0.660085,-2.51,0.84852,0,0.8698,0.367422,0.992199186314013,0.807
"655","Neutral",0.0123356865245469,0.987664313475453,-0.83,0.743671,"17_41209111_G_T","BRCA1",0.724815,0.999,"G",0.55,"BRCA1",0.978,17,1,0.1404,0.66,17,"Neutral","Findlay et al., 2018",0.366933782148,41209111,-0.0610713355932542,0.000139,1,NA,9.5499514157432e-06,-0.0495836995331106,3.921492,0.683762,"T",1745,0.732398,0.96,0.85912,0.014,0.6501,0.109839,0.996442758574463,0.566
"1297","Neutral",0.0074332537853411,0.992566746214659,0.36,0.658983,"17_41256885_A_T","BRCA1",0.708844,0.696,"A",0.72,"BRCA1",0.319,17,1,-0.5411,0.03,17,"Neutral","Findlay et al., 2018",0.506479923099,41256885,-0.438067045541483,0.057371,1,0.7,5.749374587028e-05,-0.530866171033197,2.304787,0.683762,"T",101,0.6512,-1.69,0.7194,0.067,0.4385,0.221226,0.976270402085597,0.572
"1856","Neutral",0.0103225141754457,0.989677485824554,0.3,0.643519,"17_41276097_A_T","BRCA1",0.685571,0.454,"A",0.664,"BRCA1",0.24,17,1,-0.614,0.03,17,"Neutral","Findlay et al., 2018",0.238696593337,41276097,-0.620258591308127,0.57686,1,0.397,0.995762538372693,-0.612718319907541,2.200038,0.605231,"T",6,0.634777,-1.92,0.06334,0.031,0.3743,0.123763,0.963973463383552,0.523
"1095","Neutral",0.00428570991090416,0.995714290089096,-0.91,0.709663,"17_41219680_G_T","BRCA1",0.724815,0.916,"G",0.676,"BRCA1",0.582,17,1,-0.7157,0.03,17,"Neutral","Findlay et al., 2018",0.175978076693,41219680,-0.467076794421218,0.046861,1,NA,0.000749417050363272,-0.458482414085539,-0.036498,0.683762,"T",1673,0.706298,-1.23,0.44873,0.517,0.3005,0.102878,0.296910271066098,0.449
"140","Neutral",0.00387162744246516,0.996128372557535,-1.26,0.743671,"17_41197796_G_C","BRCA1",0.724815,0.833,"G",0.632,"BRCA1",0.396,17,1,-0.7192,0.03,17,"Neutral","Findlay et al., 2018",0.0724825568426,41197796,-0.430535093451592,0.016122,0.999984,NA,0.00334438478207943,-0.42146742181132,1.058582,0.635551,"C",1831,0.732398,-1.48,0.14983,0.777,0.2994,0.144648,0.662855258212317,0.487
"1625","Neutral",0.00881009622932516,0.991189903770675,0.94,0.658983,"17_41267743_T_C","BRCA1",0.743671,0.004,"T",0.598,"BRCA1",0.029,17,1,-0.5591,0.03,17,"Neutral","Starita et al., 2015",0.388797077313,41267743,-0.674192795283728,0.042921,1,0.544,0.0107830049100753,-0.841848812631021,0.106314,0.655142,"C",45,0.732398,3.19,0.54341,0.751,0.5385,0.130724,0.599427245315966,0.473
"1325","Neutral",0.0135879532144774,0.986412046785523,0.12,0.658983,"17_41256904_C_G","BRCA1",0.708844,0.846,"C",0.722,"BRCA1",0.367,17,1,-1.0598,0.03,17,"Neutral","Findlay et al., 2018",0.187746766338,41256904,-0.595830799424491,0.002199,1,0.491,0.000485852930942211,-0.610946898535408,2.674952,0.683762,"G",94,0.6512,-1.67,0.90433,0.058,0.078,0.214265,0.994620381124395,0.596
"1298","Neutral",0.00498552925886997,0.99501447074113,-0.24,0.658983,"17_41256886_C_A","BRCA1",0.708844,0.019,"C",0.725,"BRCA1",0.033,17,1,-1.1028,0.03,17,"Neutral","Starita et al., 2015",0.113931557406,41256886,-0.0960125579237538,0.10849,1,0.377,6.61846162495339e-05,-0.0453467391979272,3.436302,0.683762,"A",100,0.6512,-1.66,0.59199,0.523,0.0751,0.144648,0.991542346803679,0.467
"1749","Damaging",0.984643160003302,0.0153568399966978,-1.41,0.643519,"17_41276044_A_G","BRCA1",0.672317,1,"A",0.97,"BRCA1",1,17,1,1.0004,0.81,17,"Damaging","Findlay et al., 2018",0.914344217893,41276044,0.577252914903038,0.000212,1,0.965,0.999936014922909,0.742546612620754,4.975232,0.651492,"G",24,0.660085,0.55,0.84849,0,0.9919,0.555388,0.99626439738103,0.94
"365","Neutral",0.00428975813153298,0.995710241868467,-0.53,0.743671,"17_41201164_C_G","BRCA1",0.724815,0.994,"C",0.741,"BRCA1",0.615,17,1,-0.1381,0.03,17,"Neutral","Findlay et al., 2018",0.220836930874,41201164,0.317185176775113,0.094789,1,NA,0.00059600331990602,0.224959409346863,3.196117,0.635551,"G",1794,0.732398,-2.54,0.7441,0.122,0.5645,0.228188,0.982767684170997,0.576
"1678","Neutral",0.201402897225999,0.798597102774001,-0.59,0.709663,"17_41267768_T_C","BRCA1",0.743671,1,"T",0.867,"BRCA1",0.998,17,1,0.832,0.66,17,"Neutral","Findlay et al., 2018",0.380348104621,41267768,0.686765627056343,7.8e-05,1,0.54,0.99418801649026,0.683663209804885,5.442485,0.655142,"C",37,0.732398,3.18,0.88675,0.014,0.837,0.409192,0.997505745081353,0.738
"1765","Neutral",0.00386846067366664,0.996131539326333,-0.08,0.643519,"17_41276053_T_C","BRCA1",0.685571,0.983,"T",0.757,"BRCA1",0.972,17,1,0.1719,0.03,17,"Neutral","Findlay et al., 2018",0.167770660311,41276053,-0.0835643921165793,0.000436,1,0.822,0.998759715972502,-0.134840319699851,2.620266,0.605231,"C",21,0.634777,-1.79,0.57789,1,0.6497,0.101814,0.99413884735224,0.611
"419","Neutral",0.0195388822400889,0.980461117759911,-0.59,0.743671,"17_41201191_G_T","BRCA1",0.724815,0.593,"G",0.696,"BRCA1",0.163,17,1,-0.6756,0.03,17,"Neutral","Findlay et al., 2018",0.127470654823,41201191,-0.0473761389399373,0.927109,1,NA,0.000841053031196327,-0.12971828904283,3.081524,0.635551,"T",1785,0.732398,-1.01,0.8529,0.265,0.3231,0.19338,0.942413839842998,0.41
"1386","Neutral",0.0790303457219409,0.920969654278059,-0.32,0.658983,"17_41256936_C_G","BRCA1",0.708844,1,"C",0.709,"BRCA1",0.999,17,1,0.5669,0.03,17,"Neutral","Findlay et al., 2018",0.447666458471,41256936,0.635231487119041,6.7e-05,1,0.482,0.731073347977157,0.64830537569152,5.692674,0.683762,"G",84,0.6512,-1.97,0.95447,0.047,0.7341,0.23515,0.998032215006962,0.576
"466","Neutral",0.00904674614962908,0.990953253850371,-0.98,0.724815,"17_41203082_G_C","BRCA1",0.724815,1,"G",0.806,"BRCA1",0.999,17,1,0.4083,0.03,17,"Neutral","Findlay et al., 2018",0.430244474624,41203082,0.363791647073627,0.001208,1,NA,5.25067113762653e-05,0.385200538480877,4.037761,0.727631,"C",1777,0.732398,-0.58,0.9146,0.259,0.6679,0.256035,0.979727157274705,0.525
"222","Neutral",0.00859789492808882,0.991402105071911,-0.68,0.724815,"17_41199673_G_T","BRCA1",0.724815,0.873,"G",0.669,"BRCA1",0.399,17,1,-0.4519,0.03,17,"Neutral","Findlay et al., 2018",0.596443744325,41199673,-0.284737102049408,6.2e-05,0.999979,NA,0.00107461059719041,-0.358978332423372,2.89489,0.714379,"T",1818,0.706548,-2.53,0.46389,0.262,0.467,0.165533,0.966412515124384,0.58
"1411","Neutral",0.00854630407369661,0.991453695926303,-0.22,0.658983,"17_41256948_T_C","BRCA1",0.708844,0.996,"T",0.709,"BRCA1",0.961,17,1,0.6684,0.03,17,"Neutral","Starita et al., 2015",0.548290111126,41256948,0.216462674310825,0.000377,1,0.342,0.00143196018372074,0.155905310547169,3.764916,0.683762,"C",80,0.6512,-1.82,0.9202,0.17,0.8076,0.242112,0.995959498928184,0.619
"281","Damaging",0.864501078797463,0.135498921202537,-1.27,0.724815,"17_41199704_A_C","BRCA1",0.724815,1,"A",0.95,"BRCA1",0.999,17,1,0.8093,0.66,17,"Damaging","Findlay et al., 2018",0.889852658822,41199704,0.533110116639215,0.00038,1,NA,0.181020224346692,0.568155193350571,5.691559,0.714379,"C",1808,0.706548,-1.83,0.92598,0,0.832,0.450963,0.996564953772044,0.843
"1497","Neutral",0.220860968997465,0.779139031002535,-1,0.658983,"17_41258488_T_A","BRCA1",0.708844,0.999,"T",0.735,"BRCA1",0.993,17,1,0.4947,0.03,17,"Neutral","Findlay et al., 2018",0.820962447445,41258488,0.206124204247253,5.8e-05,1,0.378,1.70362916122386e-05,0.2869919201864,5.605243,0.683762,"A",66,0.6512,-1.77,0.75629,0.111,0.7921,0.27692,0.986566327131672,0.66
"414","Neutral",0.0231279135646747,0.976872086435325,-0.75,0.743671,"17_41201189_C_G","BRCA1",0.724815,0.021,"C",0.821,"BRCA1",0.014,17,1,-0.8886,0.03,17,"Neutral","Findlay et al., 2018",0.0888601194549,41201189,-0.881081958462083,0.927109,1,NA,2.46338548059615e-05,-0.928888681011814,0.756934,0.635551,"G",1785,0.732398,-1.34,0.37573,0.14,0.2508,0.228188,0.927772817229385,0.477
"85","Damaging",0.945986070292796,0.0540139297072042,-0.9,0.743671,"17_41197764_A_C","BRCA1",0.724815,1,"A",0.956,"BRCA1",1,17,1,0.7244,0.81,17,"Damaging","Lee et al., 2010",0.863258536483,41197764,-0.547009983674545,7e-06,1,NA,0.053412195602816,-0.332941758456568,4.208438,0.714379,"C",1841,0.732398,-3.28,0.15345,0.004,0.8305,0.423116,0.996189297107752,0.736
"266","Damaging",0.508693373194944,0.491306626805056,-1.27,0.724815,"17_41199695_T_A","BRCA1",0.724815,0.999,"T",0.843,"BRCA1",0.99,17,1,0.3161,0.66,17,"Damaging","Findlay et al., 2018",0.798044142209,41199695,0.534970932191306,0.006257,1,NA,0.181020224346692,0.555547555930923,6.640524,0.714379,"A",1811,0.706548,-1.28,0.89627,0.001,0.6225,0.36046,0.99568146177928,0.773
"1290","Neutral",0.00476361370398004,0.99523638629602,-0.68,0.724815,"17_41223007_A_G","BRCA1",0.724815,0.998,"A",0.662,"BRCA1",0.986,17,1,-0.3013,0.03,17,"Neutral","Findlay et al., 2018",0.154084963363,41223007,-0.586725145662583,0.826208,1,NA,7.27418293728779e-05,-0.545706399755416,0.68344,0.727631,"G",1642,0.732398,-2.16,0.54319,0.128,0.6545,0.151609,0.981779593558181,0.591
"1630","Damaging",0.977835513045492,0.0221644869545078,-1.26,0.658983,"17_41267746_C_A","BRCA1",0.743671,1,"C",0.971,"BRCA1",1,17,1,1.0674,0.81,17,"Damaging","Findlay et al., 2018",0.769166912909,41267746,0.886039512527709,3.5e-05,1,0.981,0.999493915182735,0.95913245707024,4.935672,0.655142,"A",44,0.732398,0.55,0.91423,0.006,0.9778,0.56235,0.98822550970678,0.933
"841","Neutral",0.00345989289103887,0.996540107108961,-0.54,0.658983,"17_41215896_T_A","BRCA1",0.724815,0.999,"T",0.693,"BRCA1",0.996,17,1,-0.1934,0.03,17,"Neutral","Findlay et al., 2018",0.227939680557,41215896,0.328657755099946,0.007707,1,NA,0.000193643759933464,0.218161413357898,4.989234,0.613276,"A",1716,0.706298,1.01,0.83479,0.305,0.4371,0.144648,0.982786803029104,0.384
"421","Neutral",0.0455383056535913,0.954461694346409,-0.6,0.743671,"17_41201193_A_G","BRCA1",0.724815,0.999,"A",0.848,"BRCA1",0.998,17,1,0.5393,0.03,17,"Neutral","Findlay et al., 2018",0.622594967239,41201193,0.492499022617145,0.066697,1,NA,0.0356430945504192,0.547812430331511,5.551707,0.635551,"G",1784,0.732398,-1.38,0.94842,0.006,0.6269,0.353499,0.998009845512906,0.657
"756","Neutral",0.00720454332763276,0.992795456672367,0.9,0.709663,"17_41215355_T_C","BRCA1",0.743671,0,"T",0.531,"BRCA1",0.003,17,1,-0.8139,0.03,17,"Neutral","Findlay et al., 2018",0.0609454223245,41215355,-0.746181346779731,0.799858,1,NA,9.44959844515742e-06,-0.972389675629234,0.356932,0.613276,"C",1730,0.732398,1.19,0.08299,1,0.2292,0.0123754,0.388244099982573,0.402
"187","Neutral",0.00940288395405542,0.990597116045945,-0.59,0.643519,"17_41197819_G_A","BRCA1",0.724815,0.007,"G",0.732,"BRCA1",0.003,17,1,-0.9642,0.03,17,"Neutral","Findlay et al., 2018",NA,41197819,-0.983833977751316,0.923898,1,NA,0.0087956490045436,-0.994374396032143,1.590763,0.683762,"A",1823,0.706548,-1.34,0.08396,0.558,0.1981,0.172495,0.927073628678158,0.451
"1560","Neutral",0.0102905178436177,0.989709482156382,-0.28,0.658983,"17_41258520_C_G","BRCA1",0.708844,0.983,"C",0.508,"BRCA1",0.944,17,1,0.6806,0.03,17,"Neutral","Findlay et al., 2018",0.595156888266,41258520,0.233625271915114,0.002074,1,0.469,0.000168659486858153,0.186302936043717,5.684994,0.683762,"G",55,0.6512,-1.91,0.88305,0.015,0.8039,0.158571,0.998302089562056,0.576
"1771","Neutral",0.0298985844220141,0.970101415577986,-0.48,0.643519,"17_41276055_T_G","BRCA1",0.685571,1,"T",0.673,"BRCA1",0.999,17,1,0.6274,0.03,17,"Neutral","Findlay et al., 2018",0.777376136543,41276055,0.371390645616668,0.000262,1,0.476,0.999936014922909,0.413202610857686,5.505945,0.605231,"G",20,0.634777,-1.89,0.81324,0.007,0.7796,0.242112,0.997807607137999,0.815
"491","Neutral",0.0153776091332263,0.984622390866774,-0.9,0.724815,"17_41203092_T_G","BRCA1",0.724815,1,"T",0.559,"BRCA1",0.996,17,1,0.1876,0.03,17,"Neutral","Findlay et al., 2018",0.465880335499,41203092,0.510922880436781,0.000547,1,NA,0.000209626682706882,0.525040248519886,5.710147,0.727631,"G",1774,0.732398,-1.42,0.89226,0.003,0.6753,0.144648,0.995773856613783,0.564
"1668","Neutral",0.0320065759215185,0.967993424078482,0.76,0.709663,"17_41267763_C_A","BRCA1",0.743671,0.994,"C",0.519,"BRCA1",0.917,17,1,0.011,0.03,17,"Neutral","Findlay et al., 2018",0.679919705115,41267763,-0.805495094555753,0.093595,1,0.579,0.999936109881442,-0.715726278214747,4.619686,0.655142,"A",38,0.732398,3.22,0.1866,0.086,0.4799,0.0611073,0.994037098291836,0.5
"1667","Damaging",0.98232069266667,0.0176793073333297,-0.71,0.709663,"17_41267762_A_T","BRCA1",0.743671,1,"A",0.991,"BRCA1",0.999,17,1,0.9676,0.81,17,"Damaging","Findlay et al., 2018",0.891798215324,41267762,0.810213729746387,3.8e-05,1,0.99,0.99418801649026,0.874583922064129,5.237549,0.655142,"T",39,0.732398,0.57,0.92529,0.008,0.9922,0.56235,0.99173629563734,0.924
"541","Neutral",0.00390082112018109,0.996099178879819,-0.36,0.724815,"17_41203122_G_T","BRCA1",0.724815,0.998,"G",0.589,"BRCA1",0.998,17,1,-0.1234,0.03,17,"Neutral","Findlay et al., 2018",0.509239002217,41203122,0.104391872576359,0.001124,1,NA,9.15776549725122e-06,0.166892180382603,5.42059,0.727631,"T",1764,0.732398,-1.35,0.80117,0.017,0.6742,0.151609,0.994229689759891,0.519
"734","Neutral",0.0131068289873953,0.986893171012605,-1.2,0.743671,"17_41209149_C_G","BRCA1",0.724815,1,"C",0.8,"BRCA1",0.992,17,1,0.7709,0.03,17,"Neutral","Findlay et al., 2018",0.459990870517,41209149,0.380253153303091,0.037065,1,NA,0.0589560240060172,0.378128814424576,6.054397,0.727631,"G",1733,0.732398,0.85,0.64906,0.077,0.7533,0.256035,0.988592384715123,0.664
"1140","Neutral",0.0094609843706196,0.99053901562938,-0.38,0.709663,"17_41219702_T_G","BRCA1",0.724815,0.205,"T",0.732,"BRCA1",0.045,17,1,-0.9321,0.03,17,"Neutral","Findlay et al., 2018",0.272361620558,41219702,-0.394240623094305,0.532101,1,NA,0.01004350286392,-0.54311677719025,2.882074,0.683762,"G",1666,0.706298,-1.21,0.8866,0.16,0.1775,0.137686,0.900710566622546,0.438
"1694","Neutral",0.0159432057674397,0.98405679423256,-0.7,0.709663,"17_41267779_T_G","BRCA1",0.743671,1,"T",0.922,"BRCA1",0.999,17,1,0.4187,0.29,17,"Neutral","Starita et al., 2015",0.278026674303,41267779,0.620025546238696,8.9e-05,1,0.713,0.99418801649026,0.576825623930144,6.332719,0.655142,"G",33,0.732398,-2.11,0.90506,0.126,0.657,0.409192,0.995565800485847,0.708
"214","Neutral",0.0030663252974007,0.996933674702599,-0.62,0.724815,"17_41199670_A_T","BRCA1",0.724815,0.981,"A",0.567,"BRCA1",0.425,17,1,-0.6709,0.03,17,"Neutral","Findlay et al., 2018",0.33958306085,41199670,-1.09272942723962,0.254123,1,NA,0.000267228910219835,-1.12480670717619,2.164731,0.635551,"T",1819,0.706548,-1.25,0.02304,0.523,0.3768,0.0611073,0.980468087926217,0.442
"1068","Neutral",0.0050947253042567,0.994905274695743,-0.22,0.709663,"17_41219664_G_T","BRCA1",0.724815,0.192,"G",0.585,"BRCA1",0.06,17,1,-0.7605,0.03,17,"Neutral","Findlay et al., 2018",0.176861816282,41219664,-0.912479214161065,0.55567,1,NA,0.000421808438569507,-0.883028946981251,0.325346,0.683762,"T",1679,0.706298,-1.26,0.0443,0.429,0.3415,0.00541374,0.899610849081986,0.444
"1240","Neutral",0.00347868570624477,0.996521314293755,-0.15,0.724815,"17_41222983_T_G","BRCA1",0.724815,0.001,"T",0.617,"BRCA1",0.003,17,1,-0.8853,0.03,17,"Neutral","Findlay et al., 2018",0.0374547678357,41222983,-0.964155441513001,0.168128,1,NA,6.59458718795136e-05,-1.0172990916972,0.870269,0.727631,"G",1650,0.732398,-1.96,0.05165,1,0.2149,0.0611073,0.573314709577453,0.506
"1787","Neutral",0.00309055186024343,0.996909448139757,-0.35,0.643519,"17_41276062_T_G","BRCA1",0.685571,0.984,"T",0.714,"BRCA1",0.938,17,1,-0.1588,0.03,17,"Neutral","Findlay et al., 2018",0.332681252418,41276062,0.0499001653545812,5.7e-05,1,0.504,0.999936014922909,-0.0652555964185533,5.220484,0.605231,"G",18,0.634777,-1.61,0.81512,0.28,0.3867,0.186418,0.968426490451573,0.602
"591","Neutral",0.00361674440143167,0.996383255598568,-0.39,0.743671,"17_41209080_G_C","BRCA1",0.724815,0.064,"G",0.649,"BRCA1",0.044,17,1,-0.231,0.03,17,"Neutral","Findlay et al., 2018",0.309372745271,41209080,-0.109444915348694,0.533281,1,NA,0.000346430865159923,-0.210826556080711,1.651258,0.683762,"C",1756,0.732398,0.9,0.8481,0.198,0.5764,0.186418,0.498647769429086,0.517
"1781","Neutral",0.00711008562792093,0.992889914372079,-0.47,0.643519,"17_41276060_C_G","BRCA1",0.685571,0.993,"C",0.742,"BRCA1",0.959,17,1,0.0311,0.03,17,"Neutral","Findlay et al., 2018",0.376903643767,41276060,0.206721330851052,5.7e-05,1,0.503,0.999977423004228,0.147522473880732,5.568631,0.605231,"G",18,0.634777,-1.72,0.83696,0.106,0.4869,0.200341,0.997019815003292,0.678
"1835","Neutral",0.0176904239390487,0.982309576060951,-0.7,0.643519,"17_41276085_T_G","BRCA1",0.685571,1,"T",0.615,"BRCA1",0.993,17,1,0.0927,0.03,17,"Neutral","Findlay et al., 2018",0.621162007473,41276085,0.275807892647141,0.000378,1,0.471,0.999936014922909,0.277676225036511,5.726982,0.605231,"G",10,0.634777,-1.85,0.81409,0.071,0.54,0.123763,0.994519399916935,0.721
"1311","Damaging",0.800674408555874,0.199325591444126,-0.28,0.658983,"17_41256898_G_C","BRCA1",0.708844,1,"G",0.824,"BRCA1",0.999,17,1,-0.7138,0.66,17,"Damaging","Findlay et al., 2018",0.330297897519,41256898,0.147548592835871,4.5e-05,1,0.49,0.000185037518837921,0.13405405130472,5.393133,0.727631,"C",96,0.732398,-1.89,0.96233,0.126,0.2543,0.374384,0.996395356038436,0.718
"400","Damaging",0.892800182837561,0.107199817162439,-1.08,0.743671,"17_41201182_C_T","BRCA1",0.724815,1,"C",0.951,"BRCA1",1,17,1,1.0732,0.66,17,"Damaging","Findlay et al., 2018",0.861392617448,41201182,0.654928418682691,0.000127,1,NA,0.167820536908064,0.688809111255492,6.359706,0.635551,"T",1788,0.732398,-4.62,0.93982,0.002,0.9484,0.534503,0.998090030047641,0.864
"876","Neutral",0.0315473251625453,0.968452674837455,-0.73,0.709663,"17_41215911_T_G","BRCA1",0.724815,1,"T",0.73,"BRCA1",1,17,1,0.1911,0.03,17,"Neutral","Findlay et al., 2018",0.572231591807,41215911,0.30817234636913,0.00275,1,NA,1.96066764856273e-05,0.364410382875164,4.470746,0.613276,"G",1711,0.706298,0.88,0.76232,0.058,0.6057,0.19338,0.997943395649148,0.561
"1348","Neutral",0.072375795900335,0.927624204099665,0.82,0.658983,"17_41256917_A_C","BRCA1",0.708844,0.999,"A",0.881,"BRCA1",0.991,17,1,0.6945,0.81,17,"Neutral","Findlay et al., 2018",0.67355427109,41256917,0.586263757364339,0.002226,1,0.493,0.196356223272664,0.610766052783335,5.864993,0.683762,"C",90,0.6512,-2.33,0.98391,0.045,0.7799,0.402231,0.993350159415873,0.699
"1268","Neutral",0.00599411998140764,0.994005880018592,-0.53,0.724815,"17_41222996_C_A","BRCA1",0.724815,0.364,"C",0.666,"BRCA1",0.079,17,1,-0.5988,0.03,17,"Neutral","Woods et al., 2016",0.350274697934,41222996,-0.972116439934381,0.82271,1,NA,6.19924114275258e-05,-0.90498878402674,3.014315,0.727631,"A",1645,0.732398,-1.97,0.01498,0.167,0.436,0.109839,0.934168818908653,0.602
"1350","Damaging",0.444580759623711,0.555419240376289,-0.33,0.658983,"17_41256918_T_A","BRCA1",0.708844,0.999,"T",0.799,"BRCA1",0.976,17,1,0.6895,0.03,17,"Neutral","Findlay et al., 2018",0.554176277248,41256918,0.618567230543256,0.002226,1,0.383,0.196356223272664,0.642618788182559,6.287122,0.683762,"A",90,0.6512,-2.32,0.98745,0.009,0.7777,0.290843,0.988173950271902,0.648
"1713","Neutral",0.0188199888538958,0.981180011146104,0.14,0.709663,"17_41267789_A_C","BRCA1",0.743671,0.996,"A",0.655,"BRCA1",0.945,17,1,0.1098,0.03,17,"Neutral","Starita et al., 2015",0.158912222233,41267789,-0.224042430051224,0.001081,1,0.472,0.0100276557782983,-0.182451832625338,3.156564,0.613276,"C",30,0.732398,3.05,0.08968,0.182,0.6988,0.144648,0.996464295389756,0.508
"54","Neutral",0.00576322826017639,0.994236771739824,-1.51,0.743671,"17_41197748_A_T","BRCA1",0.724815,0.944,"A",0.694,"BRCA1",0.39,17,1,-0.1811,0.03,17,"Neutral","Findlay et al., 2018",0.447157666835,41197748,-0.00947718078655269,0.022747,1,NA,0.00706754545057536,-0.0806926050106563,4.817404,0.714379,"T",1847,0.732398,-2.54,0.67577,0.113,0.5148,0.200341,0.872763449529496,0.608
"1427","Neutral",0.15198932127702,0.84801067872298,-0.3,0.658983,"17_41256956_G_C","BRCA1",0.708844,1,"G",0.832,"BRCA1",0.997,17,1,0.8371,0.03,17,"Neutral","Findlay et al., 2018",0.499208734804,41256956,0.729068127307298,0.00205,1,0.288,0.731073347977157,0.740790805864156,4.569314,0.683762,"C",77,0.6512,-1.76,0.97989,0.444,0.8434,0.381346,0.992834078537159,0.597
"246","Neutral",0.21093890747487,0.78906109252513,-2.35,0.724815,"17_41199684_A_C","BRCA1",0.724815,1,"A",0.786,"BRCA1",1,17,1,0.6734,0.03,17,"Neutral","Findlay et al., 2018",0.696140131092,41199684,0.576908576882534,0.000254,0.996507,NA,0.181020224346692,0.601501208338635,6.036125,0.714379,"C",1815,0.706548,-2.32,0.92804,0.033,0.7297,0.283882,0.973519181633499,0.79
"1689","Damaging",0.975764481177151,0.0242355188228489,-0.94,0.709663,"17_41267777_G_A","BRCA1",0.743671,1,"G",0.968,"BRCA1",1,17,1,1.0233,0.81,17,"Damaging","Findlay et al., 2018",0.597815498449,41267777,0.882023915199792,0.000124,1,0.886,0.999493915182735,0.927545094829236,6.514708,0.655142,"A",34,0.732398,0.3,0.92565,0.005,0.9137,0.492733,0.999192765095413,0.847
"322","Neutral",0.0067398773235029,0.993260122676497,-0.8,0.743671,"17_41201142_C_G","BRCA1",0.724815,0.099,"C",0.636,"BRCA1",0.051,17,1,-0.8891,0.03,17,"Neutral","Findlay et al., 2018",0.0654197915063,41201142,-0.784187647752381,0.925342,1,NA,1.08620331428259e-05,-0.841438702301851,1.635411,0.714379,"G",1801,0.732398,-1.25,0.06308,0.624,0.2151,0.102878,0.862146064806287,0.481
"1269","Neutral",0.00477591793479049,0.99522408206521,-0.53,0.724815,"17_41222996_C_G","BRCA1",0.724815,0.364,"C",0.666,"BRCA1",0.079,17,1,-0.5988,0.03,17,"Neutral","Findlay et al., 2018",0.351965803565,41222996,-0.972116439934381,0.82271,1,NA,6.19924114275258e-05,-0.90498878402674,2.547187,0.727631,"G",1645,0.732398,-1.97,0.03639,0.167,0.436,0.109839,0.934468396542018,0.602
"935","Neutral",0.0296463687080997,0.9703536312919,-0.28,0.709663,"17_41215942_G_T","BRCA1",0.724815,1,"G",0.714,"BRCA1",1,17,1,0.4898,0.03,17,"Neutral","Findlay et al., 2018",0.488987366468,41215942,0.723371018551448,0.001207,1,NA,0.50195373820695,0.754592346240267,6.112232,0.613276,"T",1701,0.706298,0.75,0.90775,0.029,0.6943,0.214265,0.996712442085424,0.563
"1461","Damaging",0.946390318729107,0.053609681270893,-0.58,0.658983,"17_41256973_C_G","BRCA1",0.708844,1,"C",0.912,"BRCA1",0.997,17,1,0.54,0.81,17,"Damaging","Findlay et al., 2018",NA,41256973,-0.131894609851564,3.9e-05,1,0.516,4.84492312564589e-05,-0.0448218118666732,3.303557,0.683762,"G",71,0.6512,-2.02,0.64656,0.013,0.8093,0.423116,0.325938206020753,0.718
"1356","Neutral",0.00771335380582183,0.992286646194178,-0.43,0.658983,"17_41256921_T_A","BRCA1",0.708844,0.984,"T",0.694,"BRCA1",0.964,17,1,0.7356,0.03,17,"Neutral","Findlay et al., 2018",0.665814787546,41256921,0.417095398414314,0.014364,1,0.368,0.00475272990334675,0.40160032117503,5.925708,0.683762,"A",89,0.6512,-1.82,0.95694,0.008,0.8155,0.256035,0.986189382708088,0.64
"1065","Neutral",0.00357957658452324,0.996420423415477,-0.69,0.709663,"17_41219663_A_G","BRCA1",0.724815,0.96,"A",0.679,"BRCA1",0.639,17,1,-0.67,0.03,17,"Neutral","Findlay et al., 2018",0.314416917623,41219663,-0.945032868958138,0.55567,1,NA,0.000856779412743473,-0.798490860115636,0.881666,0.683762,"G",1679,0.706298,-1.26,0.01912,0.341,0.3426,0.0243041,0.942241237076221,0.596
"82","Neutral",0.00576600729537557,0.994233992704624,-0.48,0.743671,"17_41197763_C_A","BRCA1",0.724815,0.538,"C",0.779,"BRCA1",0.166,17,1,-0.8152,0.03,17,"Neutral","Findlay et al., 2018",0.0691976682591,41197763,-0.414580764532034,0.110447,1,NA,0.00183739215361525,-0.459586515218115,2.858035,0.714379,"A",1842,0.732398,-0.98,0.39532,0.16,0.2372,0.200341,0.974126185331538,0.352
